,Player Name,Player Category,Age,Height,Weight,Overall Rating,Value,Crossing,Finishing,Heading Accuracy,Short Passing,Volleys,Dribbling,Curve,FK Accuracy,Long Passing,Ball Control,Acceleration,Sprint Speed,Agility,Reactions,Balance,Shot Power,Jumping,Stamina,Strength,Long Shots,Aggression,Interceptions,Positioning,Vision,Penalties,Composure,Marking,Standing Tackle,Sliding Tackle,GK Diving,GK Handling,GK Kicking,GK Positioning,GK Reflexes
0,L. Messi,Striker,31,"5'7""",159,94,€110.5M,86,95,70,92,86,97,93,94,89,96,91,86,93,95,95,85,68,72,66,94,48,22,94,94,75,96,33,28,26,6,11,15,14,8
1,Cristiano Ronaldo,Striker,33,"6'2""",183,94,€77M,84,94,89,81,87,88,81,76,77,94,89,91,87,96,70,95,95,88,79,93,63,29,95,82,85,95,28,31,23,7,11,15,14,11
2,Neymar Jr,Midfielder,26,"5'9""",150,92,€108M,83,87,62,84,84,96,88,87,80,95,94,90,96,94,84,80,61,81,49,82,56,36,89,88,81,94,27,24,33,9,9,15,15,11
3,De Gea,GoalKeeper,27,"6'4""",168,91,€72M,17,13,21,50,13,18,21,19,51,38,57,58,62,90,43,31,67,43,64,12,38,30,12,68,40,70,25,21,13,90,85,85,89,94
4,K. De Bruyne,Midfielder,27,"5'11""",154,91,€102M,93,82,55,92,82,86,85,83,91,91,78,76,79,91,77,91,63,89,75,91,76,61,87,94,79,90,68,58,51,15,13,5,10,13
5,E. Hazard,Striker,27,"5'8""",168,91,€93M,81,84,61,89,80,95,83,79,83,94,94,88,95,90,94,82,56,83,66,80,54,41,87,89,86,91,34,27,22,11,12,6,8,8
6,L. Modrić,Midfielder,32,"5'8""",146,91,€67M,86,72,55,93,76,90,85,78,88,92,80,72,92,90,94,79,68,89,58,82,62,83,79,92,82,90,68,76,73,13,9,7,14,9
7,L. Suárez,Striker,31,"6'0""",190,91,€80M,77,92,82,82,90,86,86,84,69,88,83,73,82,92,83,86,69,90,83,85,87,41,92,84,85,85,62,45,38,27,25,31,33,37
8,H. Kane,Striker,24,"6'2""",196,90,€96.5M,75,94,86,82,85,80,78,68,83,84,68,72,71,91,73,88,79,89,84,86,78,35,93,81,90,91,56,36,38,8,10,11,14,11
9,J. Oblak,GoalKeeper,25,"6'2""",192,90,€68M,13,11,15,29,13,12,13,14,26,16,43,60,67,86,49,22,76,41,78,12,34,19,11,65,11,70,27,12,18,86,92,78,88,89
10,R. Lewandowski,Striker,29,"6'0""",176,90,€77M,62,91,85,83,89,85,77,86,65,89,77,78,78,90,79,88,84,78,84,84,80,39,91,77,86,86,34,42,19,15,6,12,8,10
11,T. Kroos,Midfielder,28,"6'0""",168,90,€76.5M,88,76,58,92,82,81,86,84,93,90,64,62,70,89,71,87,30,75,73,89,60,76,78,90,73,88,72,74,66,10,11,13,7,10
12,D. Godín,Defender,32,"6'2""",172,90,€44M,55,42,92,79,47,53,49,51,70,76,64,62,58,85,54,67,91,66,88,43,89,88,48,52,50,82,90,89,89,6,8,15,5,15
13,David Silva,Midfielder,32,"5'8""",148,90,€60M,84,76,54,93,82,89,82,77,86,94,70,64,92,90,90,72,64,76,52,75,57,50,89,92,75,93,59,53,29,6,15,7,6,12
14,Sergio Ramos,Defender,32,"6'0""",181,90,€44M,66,63,91,80,69,65,74,72,83,83,76,75,78,88,66,79,93,84,83,62,90,88,67,69,82,84,87,89,90,11,8,9,7,11
15,G. Chiellini,Defender,33,"6'2""",187,90,€31M,58,33,83,59,45,58,60,31,59,57,63,75,54,82,55,78,89,65,89,49,92,88,28,50,50,84,94,93,90,3,3,2,4,3
16,N. Kanté,Midfielder,27,"5'6""",159,89,€63M,68,65,54,86,56,79,49,49,81,80,82,78,82,93,92,71,77,97,76,69,90,92,71,80,54,85,90,91,85,15,12,10,7,10
17,P. Dybala,Striker,24,"5'10""",165,89,€89M,82,84,68,87,88,92,88,88,75,92,87,83,91,86,85,82,75,80,65,88,48,32,84,87,86,84,23,20,20,5,4,4,5,8
18,M. Salah,Striker,26,"5'9""",157,89,€78.5M,78,90,59,83,76,89,83,60,74,88,94,91,91,92,88,80,68,84,70,83,63,55,92,84,75,91,38,43,41,14,14,9,11,14
19,A. Griezmann,Striker,27,"5'9""",161,89,€78M,82,89,84,84,87,87,86,84,78,90,88,85,90,90,82,82,90,86,62,82,73,49,91,85,83,89,59,54,48,14,8,14,13,14
20,M. ter Stegen,GoalKeeper,26,"6'2""",187,89,€58M,18,14,11,42,14,17,18,12,47,18,38,50,37,86,43,22,79,35,78,10,43,22,11,70,25,70,25,13,10,87,85,88,86,90
21,T. Courtois,GoalKeeper,26,"6'6""",212,89,€53.5M,14,14,13,33,12,13,19,20,35,23,46,52,61,84,45,36,68,38,70,17,23,15,13,44,27,66,20,18,16,85,91,72,86,88
22,Sergio Busquets,Midfielder,29,"6'2""",168,89,€51.5M,62,67,68,89,44,80,66,68,82,88,50,52,66,87,52,61,66,86,77,54,85,87,77,87,60,93,90,86,80,5,8,13,9,13
23,E. Cavani,Striker,31,"6'1""",170,89,€60M,70,89,89,78,90,80,77,76,52,82,75,76,77,91,59,87,88,92,78,79,84,48,93,77,85,82,52,45,39,12,5,13,13,10
24,M. Neuer,GoalKeeper,32,"6'4""",203,89,€38M,15,13,25,55,11,30,14,11,59,46,54,60,51,84,35,25,77,43,80,16,29,30,12,70,47,70,17,10,11,90,86,91,87,87
25,S. Agüero,Striker,30,"5'8""",154,89,€64.5M,70,93,77,81,85,89,82,73,64,89,88,80,86,90,91,88,81,76,73,83,65,24,92,83,83,90,30,20,12,13,15,6,11,14
26,K. Mbappé,Midfielder,19,"5'10""",161,88,€81M,77,88,77,82,78,90,77,63,73,91,96,96,92,87,83,79,75,83,71,78,62,38,88,82,70,86,34,34,32,13,5,7,11,6
27,V. van Dijk,Defender,26,"6'4""",203,88,€59.5M,53,52,83,79,45,70,60,70,81,76,74,77,61,87,49,81,88,75,92,64,82,88,41,60,62,87,90,89,84,13,10,13,11,11
28,K. Koulibaly,Defender,27,"6'2""",196,88,€60M,30,22,83,68,14,69,28,28,60,63,70,75,50,82,40,55,81,75,94,15,87,88,24,49,33,80,91,88,87,7,11,7,13,5
29,L. Insigne,Striker,27,"5'4""",130,88,€62M,86,77,56,85,74,90,87,77,78,93,94,86,94,83,93,75,53,75,44,84,34,26,83,87,61,83,51,24,22,8,4,14,9,10
30,P. Pogba,Midfielder,25,"6'3""",185,88,€73M,80,75,75,86,85,87,85,82,90,90,71,79,76,82,66,90,83,88,87,82,78,64,82,88,82,87,63,67,67,5,6,2,4,3
31,C. Eriksen,Midfielder,26,"5'11""",168,88,€69.5M,88,81,52,91,80,84,86,87,89,91,76,73,80,88,81,84,50,92,58,89,46,56,84,91,67,88,59,57,22,9,14,7,7,6
32,Coutinho,Midfielder,26,"5'8""",150,88,€69.5M,79,79,48,87,75,91,91,86,83,92,88,75,92,83,93,83,59,79,61,93,59,49,84,88,70,85,55,54,47,12,7,9,14,6
33,P. Aubameyang,Midfielder,29,"6'2""",176,88,€59M,77,88,79,77,86,79,80,74,64,82,93,95,76,87,70,82,79,76,76,79,43,48,90,77,76,86,27,25,36,6,9,15,9,9
34,M. Reus,Striker,29,"5'11""",157,88,€58M,82,87,49,86,90,87,89,84,79,87,86,84,86,88,82,88,70,76,67,86,51,48,88,86,89,85,49,36,45,12,12,13,13,11
35,M. Hummels,Defender,29,"6'3""",203,88,€46M,64,55,87,81,60,68,65,53,85,81,53,62,63,87,60,71,68,66,84,51,69,92,56,79,68,91,88,90,88,15,6,10,5,6
36,G. Bale,Striker,28,"6'1""",181,88,€60M,87,86,84,85,85,87,90,87,80,85,94,95,82,85,65,92,87,75,80,91,65,59,85,79,76,86,54,55,52,15,15,11,5,6
37,H. Lloris,GoalKeeper,31,"6'2""",181,88,€36M,13,10,10,50,11,10,11,10,50,34,65,62,55,85,54,23,74,41,43,14,31,27,10,30,40,65,29,10,18,88,84,68,83,92
38,Thiago Silva,Defender,33,"6'0""",181,88,€24M,60,38,81,80,63,62,61,64,80,80,70,72,68,82,68,71,90,74,82,68,76,89,59,72,60,86,88,89,85,9,12,5,9,10
39,S. Handanovič,GoalKeeper,33,"6'4""",203,88,€30M,12,10,10,36,12,12,12,14,34,16,51,55,47,83,36,22,78,41,71,19,25,22,12,41,23,69,25,10,13,87,86,69,89,89
40,Piqué,Defender,31,"6'4""",187,88+1,€40M,57,65,83,82,57,63,58,43,80,82,54,63,58,86,36,62,74,65,85,51,76,88,64,70,69,89,91,87,85,10,11,14,15,8
41,G. Buffon,GoalKeeper,40,"6'4""",203,88,€4M,13,15,13,37,17,26,20,13,35,28,44,38,55,82,49,39,75,39,69,13,38,28,12,50,22,70,13,11,11,84,87,74,90,85
42,Alisson,GoalKeeper,25,"6'3""",201,87,€46M,17,13,19,45,20,27,19,18,44,30,54,45,40,86,37,21,52,32,78,14,27,11,13,66,23,65,15,19,16,84,82,87,87,89
43,S. Umtiti,Defender,24,"6'0""",165,87,€57M,69,51,79,81,70,69,72,62,73,77,71,73,68,82,66,83,89,78,84,74,81,87,58,58,61,82,90,89,86,15,10,14,12,15
44,R. Sterling,Striker,23,"5'7""",152,87,€62M,78,79,38,84,67,88,72,63,69,87,95,92,94,87,93,76,57,78,52,75,38,30,89,79,69,79,47,58,54,15,12,12,15,9
45,M. Icardi,Striker,25,"5'11""",165,87,€64.5M,46,91,91,73,85,77,58,45,54,81,77,78,76,88,76,84,94,69,76,70,56,22,92,64,82,85,45,24,20,13,9,5,7,9
46,Casemiro,Midfielder,26,"6'1""",185,87,€50.5M,58,64,76,83,61,69,63,74,82,78,61,66,62,86,66,86,88,87,89,81,89,86,69,77,66,84,84,87,86,13,14,16,12,12
47,J. Rodríguez,Midfielder,26,"5'11""",165,87,€59M,90,83,62,89,90,85,89,86,83,90,73,67,83,85,76,86,54,70,68,92,64,55,80,88,81,87,52,41,44,15,15,15,5,14
48,Isco,Striker,26,"5'9""",174,87,€62.5M,75,79,55,86,65,94,88,76,81,95,75,69,87,77,90,69,64,70,59,85,58,64,78,86,76,86,60,64,51,10,8,12,15,6
49,K. Navas,GoalKeeper,31,"6'1""",176,87,€30.5M,11,15,11,30,11,16,11,15,37,19,54,53,60,84,61,21,74,39,75,13,32,20,16,68,25,67,28,14,14,90,81,75,82,90
50,C. Immobile,Striker,28,"6'1""",187,87,€52M,55,90,81,74,87,83,70,51,49,83,78,85,77,87,63,86,77,80,76,80,77,40,91,65,78,81,34,33,32,6,8,15,12,6
51,Thiago,Midfielder,27,"5'9""",154,87,€51.5M,72,69,54,90,90,90,85,77,87,90,78,69,90,86,86,76,75,75,59,79,56,78,79,86,75,85,67,67,71,6,11,7,9,13
52,Jordi Alba,Defender,29,"5'7""",150,87,€38M,87,73,70,84,60,80,80,63,74,84,93,93,90,83,85,64,81,91,61,66,77,84,80,76,59,82,74,84,84,13,15,13,6,13
53,T. Alderweireld,Defender,29,"6'1""",179,87,€44M,64,45,82,79,38,62,63,69,85,75,61,67,60,88,50,78,84,76,79,65,81,87,58,67,58,84,90,91,86,16,6,14,16,14
54,Marcelo,Defender,30,"5'9""",176,87,€36.5M,90,73,75,84,61,90,85,67,78,92,83,82,86,87,86,83,76,89,78,70,84,83,85,82,59,86,71,82,83,12,5,5,5,9
55,D. Mertens,Striker,31,"5'7""",134,87,€45M,77,86,35,82,70,91,82,79,74,89,93,85,94,88,92,80,60,75,42,81,59,36,87,83,79,81,25,40,40,7,10,8,10,4
56,J. Vertonghen,Defender,31,"6'2""",190,87,€34M,72,56,80,79,52,71,63,73,74,77,61,65,61,85,60,80,85,75,79,66,84,89,60,68,66,83,89,87,88,6,10,9,12,7
57,I. Rakitić,Midfielder,30,"6'0""",172,87,€46.5M,84,79,59,87,84,82,88,82,90,85,66,62,73,80,66,84,39,83,71,87,67,81,80,86,82,86,76,75,73,14,11,12,5,9
58,G. Higuaín,Striker,30,"6'1""",196,87,€48.5M,68,91,79,74,88,83,74,62,59,84,70,72,75,86,69,86,79,70,85,80,50,20,92,74,70,86,35,22,18,5,12,7,5,10
59,Fernandinho,Midfielder,33,"5'10""",148,87,€20.5M,68,69,66,85,74,77,70,72,83,82,68,67,72,89,78,83,78,84,76,78,87,89,70,75,61,79,87,86,80,12,11,5,13,7
60,M. Škriniar,Defender,23,"6'2""",176,86,€53.5M,40,42,82,73,40,59,34,30,69,67,70,73,48,83,51,50,78,77,85,30,86,86,30,57,56,81,92,89,84,10,13,12,8,12
61,L. Sané,Striker,22,"6'0""",165,86,€61M,83,81,72,79,85,88,83,82,64,85,93,96,88,81,81,87,64,79,70,78,61,34,84,82,71,80,36,32,35,8,12,9,9,14
62,Bernardo Silva,Midfielder,23,"5'8""",141,86,€59.5M,85,75,51,85,69,92,83,67,79,91,86,77,90,82,88,70,50,86,50,72,62,49,83,86,68,86,49,52,40,9,10,14,12,9
63,J. Kimmich,Midfielder,23,"5'9""",154,86,€45M,91,66,74,87,67,80,81,61,83,85,78,68,84,86,83,75,79,94,64,69,79,80,80,79,44,82,75,81,79,8,15,7,15,15
64,Ederson,GoalKeeper,24,"6'2""",190,86,€41.5M,20,14,14,56,18,23,15,20,58,37,64,63,60,87,48,42,66,41,68,18,38,27,20,70,17,70,29,15,8,85,80,92,82,87
65,S. Mané,Midfielder,26,"5'9""",152,86,€52M,73,84,62,79,71,87,74,64,71,86,95,93,91,86,86,82,75,84,67,74,73,35,87,82,71,80,42,42,38,10,10,15,7,14
66,Roberto Firmino,Midfielder,26,"5'11""",168,86,€53M,72,86,77,86,81,87,80,65,75,88,78,77,80,86,81,81,81,90,74,76,73,58,87,85,72,87,60,64,42,8,11,9,6,10
67,R. Varane,Defender,25,"6'3""",179,86,€50M,36,40,83,75,42,57,46,54,76,77,83,85,63,83,40,52,79,73,84,53,77,82,44,56,43,84,87,88,87,11,11,9,5,14
68,M. Verratti,Midfielder,25,"5'5""",132,86,€55M,72,60,55,90,64,90,73,64,89,88,69,62,90,85,94,56,64,77,52,58,89,84,71,87,64,95,78,83,80,12,12,15,15,10
69,R. Lukaku,Striker,25,"6'3""",207,86,€55M,72,86,85,76,77,78,74,66,73,71,75,90,60,86,46,88,71,81,94,74,71,27,87,73,78,83,30,30,30,8,15,14,7,10
70,Alex Sandro,Midfielder,27,"5'11""",176,86,€36.5M,84,55,76,81,68,80,78,59,71,81,83,86,79,84,78,80,79,92,79,72,82,82,70,70,60,82,81,84,84,7,7,9,12,5
71,T. Müller,Striker,28,"6'1""",165,86,€45M,79,87,82,83,84,75,81,59,72,82,73,75,75,91,72,78,81,87,68,80,57,58,92,85,60,83,44,41,44,6,7,11,14,14
72,W. Szczęsny,GoalKeeper,28,"6'5""",198,86,€37M,12,12,16,32,14,11,16,14,36,22,51,47,55,82,51,15,71,45,65,14,40,15,14,48,18,65,20,13,12,86,83,73,86,88
73,Azpilicueta,Defender,28,"5'10""",168,86,€35M,81,46,76,81,51,69,68,58,80,77,76,76,72,88,73,68,76,87,71,60,82,89,62,74,66,78,88,90,86,13,9,10,6,5
74,L. Bonucci,Defender,31,"6'3""",187,86,€30M,44,48,86,77,58,69,56,61,85,75,57,65,60,84,52,74,85,71,83,65,82,90,38,74,70,86,90,86,80,2,2,3,2,4
75,M. Pjanić,Midfielder,28,"5'10""",159,86,€44M,80,60,60,89,72,86,86,92,85,89,66,66,77,84,79,78,61,78,66,82,70,78,70,88,79,86,75,74,70,7,7,13,7,8
76,K. Benzema,Striker,30,"6'1""",179,86+1,€43M,75,82,80,83,82,85,81,73,70,89,78,76,77,85,68,81,73,79,80,76,65,28,86,85,82,85,47,24,18,13,11,5,5,7
77,S. Milinković-Savić,Midfielder,23,"6'3""",168,85,€50.5M,64,80,86,85,74,86,78,75,85,87,68,70,66,80,59,83,85,85,88,80,73,78,79,85,56,82,75,77,72,7,10,7,16,7
78,A. Laporte,Defender,24,"6'2""",187,85+1,€41M,58,45,85,77,40,59,61,69,78,73,62,66,45,86,55,68,76,67,83,47,76,86,54,59,44,80,87,88,88,10,11,5,14,5
79,D. Alli,Midfielder,22,"6'2""",176,85,€51.5M,69,83,83,85,79,83,75,68,80,86,73,76,76,86,62,78,67,90,71,80,84,74,88,85,74,87,70,70,63,7,6,9,11,8
80,Saúl,Midfielder,23,"6'0""",170,85,€50.5M,69,78,83,85,76,80,72,60,83,85,74,73,76,82,69,82,79,86,77,81,69,78,82,82,55,83,77,77,76,7,13,12,10,9
81,Marquinhos,Midfielder,24,"6'0""",165,85,€43.5M,72,33,84,81,31,59,55,32,78,79,73,76,69,85,68,53,88,75,75,35,80,85,54,58,37,86,85,87,87,6,6,12,10,13
82,Carvajal,Defender,26,"5'8""",161,85,€36.5M,84,41,70,83,34,78,74,47,74,84,80,85,81,84,83,64,76,89,74,36,84,83,72,70,45,82,83,83,85,13,13,15,9,15
83,R. Mahrez,Midfielder,27,"5'10""",148,85,€40.5M,81,78,48,79,72,90,84,78,75,90,88,83,93,77,88,79,61,76,54,80,48,39,80,81,70,85,45,31,18,15,9,13,11,6
84,H. Son,Striker,25,"6'0""",143,85,€46M,80,86,65,81,80,88,83,70,65,86,88,87,82,86,76,88,63,86,63,90,60,39,88,81,71,84,48,34,33,11,13,13,6,10
85,A. Lopes,GoalKeeper,27,"6'0""",179,85+1,€31M,19,18,16,32,13,15,15,14,31,21,63,64,67,84,62,20,82,36,73,18,43,25,9,48,16,65,13,15,13,87,80,75,84,89
86,Koke,Midfielder,26,"5'9""",163,85,€41.5M,86,72,61,89,56,80,85,76,87,85,71,68,74,87,82,84,63,92,77,81,76,72,82,87,59,84,73,73,64,14,12,5,10,13
87,A. Lacazette,Striker,27,"5'9""",161,85,€45M,64,88,73,80,81,85,74,71,59,85,81,84,85,85,85,85,76,79,73,75,70,42,86,76,84,85,29,42,30,11,6,9,5,6
88,K. Manolas,Defender,27,"6'2""",183,85,€36.5M,27,10,80,60,16,54,30,10,61,65,82,85,68,82,59,40,86,76,82,12,86,86,25,22,26,82,87,87,89,8,6,8,15,12
89,Douglas Costa,Striker,27,"5'8""",154,85,€40.5M,84,67,50,84,76,92,84,78,68,91,97,93,93,83,91,86,61,78,63,80,55,48,73,82,77,84,45,38,34,13,15,9,12,5
90,Parejo,Midfielder,29,"6'0""",163,85,€37M,84,79,61,91,72,78,89,90,88,84,54,46,66,78,72,78,51,78,72,82,58,81,81,86,83,83,69,68,63,5,9,12,14,8
91,Paulinho,Midfielder,29,"6'0""",157,85,€37M,64,81,85,84,75,82,66,72,80,84,73,73,71,84,71,83,90,92,81,80,81,81,84,80,71,81,75,81,75,16,16,11,6,8
92,Y. Brahimi,Midfielder,28,"5'9""",146,85,€39M,79,76,46,79,73,93,84,78,72,86,87,75,92,84,90,69,72,85,49,76,46,38,83,79,75,90,51,36,25,13,16,12,7,7
93,J. Boateng,Defender,29,"6'4""",198,85,€30M,69,34,85,75,52,64,53,31,83,70,67,72,56,82,52,78,74,69,91,58,81,81,47,75,46,84,84,87,87,7,12,15,6,5
94,A. Di María,Striker,30,"5'11""",152,85+1,€36.5M,85,74,51,83,77,86,84,82,79,86,85,84,92,82,77,83,72,78,60,80,73,38,82,84,73,82,38,59,56,10,7,11,12,11
95,A. Vidal,Midfielder,31,"5'11""",165,85,€33M,76,75,82,83,78,77,76,68,82,83,67,62,74,84,75,86,85,85,79,85,93,84,83,82,81,81,82,86,86,4,2,4,2,4
96,M. Mandžukić,Striker,32,"6'3""",187,85,€30.5M,72,85,90,75,86,78,64,49,67,79,67,73,67,88,53,83,85,83,87,63,88,66,90,74,76,80,59,64,64,10,8,5,8,15
97,I. Perišić,Midfielder,29,"6'1""",176,85,€37.5M,83,79,80,81,81,84,73,75,77,85,84,88,78,81,74,84,84,89,78,79,65,69,85,79,76,80,64,52,54,6,7,10,9,6
98,E. Džeko,Striker,32,"6'4""",176,85,€30.5M,63,89,83,77,77,76,65,54,72,84,65,66,57,83,36,86,66,76,80,79,51,50,89,74,67,83,58,28,16,9,11,13,15,15
99,R. Nainggolan,Midfielder,30,"5'9""",170,85,€35.5M,73,75,59,84,75,80,73,68,81,85,78,73,76,87,82,84,76,93,77,86,88,86,86,76,63,84,83,86,90,11,11,14,8,11
100,A. Witsel,Midfielder,29,"6'2""",179,85,€30M,69,71,81,89,77,78,69,68,84,84,67,73,77,85,63,78,76,86,82,77,81,80,75,80,83,92,83,80,85,5,7,7,10,7
101,M. Özil,Striker,29,"5'11""",168,85,€37.5M,83,72,51,89,80,84,84,77,82,90,72,69,79,83,70,70,48,67,57,74,44,24,81,91,67,82,24,16,19,6,14,10,6,14
102,B. Matuidi,Midfielder,31,"5'11""",165,85,€26M,75,64,68,83,72,78,65,52,77,79,79,77,83,84,79,78,84,94,76,70,86,86,72,76,56,82,85,84,86,8,11,5,10,14
103,Filipe Luís,Defender,32,"6'0""",163,85,€21.5M,86,59,72,80,56,77,74,75,77,83,76,75,74,85,62,71,69,89,73,60,81,84,71,70,65,88,78,84,86,11,15,9,9,5
104,V. Kompany,Defender,32,"6'3""",187,85,€22M,61,45,83,73,46,63,61,52,66,70,50,57,55,86,41,73,72,65,87,55,87,82,41,59,63,80,86,85,84,10,9,5,8,6
105,Pepe,Defender,35,"6'2""",179,85,€9M,46,46,80,70,23,58,44,47,61,62,65,70,63,83,49,63,76,60,86,56,92,85,40,48,57,79,86,85,82,8,15,5,9,10
106,Z. Ibrahimović,Striker,36,"6'5""",209,85,€14M,73,86,83,79,86,79,82,82,73,84,58,59,75,82,39,90,68,61,86,82,84,20,85,79,89,90,28,37,24,13,15,10,9,12
107,Iniesta,Midfielder,34,"5'7""",150,85,€18.5M,77,69,54,90,75,88,80,70,84,91,70,66,79,84,84,67,47,58,58,70,58,65,78,93,71,89,68,57,56,6,13,6,13,7
108,O. Dembélé,Striker,21,"5'10""",148,84,€46M,81,78,43,79,76,91,82,64,70,83,94,93,90,82,85,83,59,76,52,76,54,36,79,84,75,82,42,30,33,6,6,14,10,13
109,Marco Asensio,Striker,22,"6'0""",168,84,€41.5M,82,80,57,83,79,85,83,76,81,85,85,82,79,82,76,86,58,76,61,88,45,45,82,82,62,83,40,42,39,13,9,6,12,10
110,D. Sánchez,Defender,22,"6'2""",174,84,€34M,36,40,80,77,28,63,30,27,67,73,72,79,60,80,55,66,73,76,83,44,87,82,34,49,44,75,84,85,88,9,7,10,6,15
111,N. Fekir,Midfielder,24,"5'8""",165,84,€40.5M,83,82,49,83,77,90,81,79,75,89,79,79,84,80,91,84,69,77,82,82,73,28,81,81,76,89,31,37,25,15,9,8,14,15
112,J. Giménez,Defender,23,"6'1""",176,84,€34M,47,37,81,68,30,47,36,44,58,56,69,70,56,76,43,72,90,67,85,48,89,85,24,27,38,73,88,86,87,9,11,7,10,15
113,Alex Telles,Defender,25,"5'11""",157,84,€31M,89,65,74,83,67,82,87,79,86,82,84,85,73,83,70,80,81,92,68,75,78,80,76,74,73,80,80,81,79,13,8,12,11,14
114,Bruno Fernandes,Midfielder,23,"5'10""",152,84,€40.5M,84,74,58,85,84,83,86,85,84,86,79,76,77,84,78,87,72,91,67,88,66,71,81,86,82,84,66,66,57,12,14,15,8,14
115,N. Süle,Defender,22,"6'5""",214,84,€36.5M,30,20,86,78,31,42,28,30,63,63,52,84,33,79,33,77,38,65,94,62,82,82,26,30,32,72,83,85,83,15,7,14,7,15
116,T. Werner,Striker,22,"5'11""",165,84,€40M,69,87,77,77,85,83,63,56,55,84,93,93,81,86,76,78,78,83,64,70,63,37,85,61,72,74,39,20,19,9,9,8,15,9
117,A. Martial,Midfielder,22,"6'0""",168,84,€42.5M,76,84,69,78,74,88,84,54,60,87,88,89,85,82,81,84,74,76,75,80,58,42,83,74,81,82,34,39,36,9,8,8,15,11
118,Fabinho,Midfielder,24,"6'2""",172,84,€34M,79,66,75,83,47,76,71,53,80,82,69,72,69,83,67,78,75,92,79,65,85,84,70,77,91,84,84,86,84,13,12,6,8,8
119,H. Ziyech,Striker,25,"5'11""",143,84,€38M,84,68,53,86,77,84,90,78,89,83,76,74,86,83,78,80,38,86,59,76,72,62,76,88,72,83,52,66,36,11,7,11,8,14
120,Kepa,GoalKeeper,23,"6'1""",187,84,€31M,25,11,17,32,18,10,25,19,36,16,34,33,41,79,39,25,71,37,51,14,18,21,15,55,24,63,19,18,16,84,82,79,80,85
121,F. Thauvin,Striker,25,"5'10""",154,84,€37M,83,81,75,83,74,85,86,72,76,86,87,80,86,83,71,83,76,83,66,82,56,42,83,80,74,82,46,29,31,8,11,14,10,9
122,M. Depay,Midfielder,24,"5'9""",172,84,€41M,82,78,65,80,74,84,85,88,74,85,87,87,82,79,79,87,74,79,80,81,75,28,83,85,71,78,29,31,20,8,14,6,12,10
123,Felipe Anderson,Midfielder,25,"5'9""",154,84,€38M,80,74,44,81,70,90,72,69,76,88,92,89,89,76,88,86,38,74,55,84,67,69,76,80,53,84,47,60,54,12,10,9,5,7
124,Allan,Midfielder,27,"5'9""",163,84,€32M,70,74,59,85,56,83,65,49,78,82,81,74,82,88,80,70,70,95,80,69,89,88,79,79,53,81,85,87,85,13,13,5,5,8
125,S. de Vrij,Defender,26,"6'2""",172,84,€31.5M,49,25,80,71,27,63,45,16,71,71,67,69,61,80,59,65,76,66,80,60,78,87,32,59,41,82,88,87,83,8,10,7,14,13
126,M. Perin,GoalKeeper,25,"6'2""",170,84,€29.5M,11,11,12,33,19,19,15,13,31,23,57,56,70,79,30,23,75,30,52,17,25,19,12,44,21,65,20,12,19,81,85,71,79,90
127,D. Alaba,Defender,26,"5'11""",168,84,€30.5M,81,63,75,82,68,79,78,84,79,82,79,86,79,83,77,83,82,85,71,82,69,82,76,77,79,79,80,81,79,5,7,14,15,9
128,J. Cuadrado,Striker,30,"5'10""",159,84,€29.5M,80,67,58,80,70,90,78,69,69,85,89,93,91,80,82,84,75,78,61,80,78,62,78,76,65,80,63,70,74,5,5,13,6,9
129,Iago Aspas,Striker,30,"5'9""",148,84,€30M,80,88,78,79,83,86,80,76,64,85,85,78,87,85,74,79,68,75,60,82,63,39,86,75,82,85,39,21,18,12,16,9,12,13
130,N. Otamendi,Defender,30,"6'0""",179,84-1,€23M,52,54,84,75,57,51,50,39,72,70,57,61,64,78,62,69,92,67,80,56,91,83,51,53,45,80,83,84,84,12,5,8,11,12
131,N. Matić,Midfielder,29,"6'4""",187,84,€24M,71,64,74,84,73,80,72,67,82,79,52,59,44,80,50,83,67,84,85,75,80,84,69,73,64,83,82,82,75,7,15,12,14,9
132,L. Hrádecký,GoalKeeper,28,"6'4""",187,84,€22M,11,11,11,15,9,10,11,15,20,20,38,44,43,83,39,14,69,34,55,14,31,18,9,53,20,48,10,10,13,85,79,69,82,88
133,Illarramendi,Midfielder,28,"5'10""",165,84,€25M,68,72,51,86,58,78,76,68,82,83,66,57,71,84,75,69,63,77,68,76,76,87,79,86,50,79,83,83,80,15,7,11,14,12
134,R. Bürki,GoalKeeper,27,"6'2""",187,84,€24M,15,8,17,37,13,12,13,12,24,23,44,54,49,82,52,22,74,36,74,14,35,18,10,50,20,58,11,13,16,86,81,74,80,87
135,K. Walker,Defender,28,"6'0""",154,84,€24.5M,81,51,74,78,57,79,76,71,75,78,86,93,67,83,72,86,83,89,77,69,78,81,67,69,63,75,78,84,83,12,6,16,15,8
136,I. Gündoğan,Midfielder,27,"5'11""",176,84,€32M,74,74,50,88,75,85,81,74,84,86,67,68,78,85,78,77,61,69,72,73,70,77,79,86,76,87,72,68,64,11,14,5,5,13
137,José Callejón,Midfielder,31,"5'10""",161,84,€27.5M,82,78,65,80,84,82,73,65,51,85,88,89,85,82,80,78,73,91,55,80,54,40,88,78,62,79,64,32,32,8,5,14,11,11
138,A. Sánchez,Midfielder,29,"5'7""",137,84,€30.5M,77,79,70,76,83,85,79,78,75,86,86,79,90,81,87,83,87,83,72,80,79,46,83,81,74,83,38,44,35,10,10,15,12,13
139,Willian,Striker,29,"5'9""",172,84,€30.5M,76,77,31,80,59,88,82,83,77,82,91,86,89,82,79,84,41,85,60,81,44,55,79,83,70,79,43,57,51,14,12,13,7,13
140,S. Khedira,Midfielder,31,"6'2""",198,84,€26.5M,72,72,76,85,78,81,68,68,82,84,54,60,55,87,54,82,68,74,87,78,82,86,79,80,69,84,80,83,76,11,9,5,15,8
141,Diego Costa,Striker,29,"6'2""",190,84,€31M,65,85,82,65,81,77,62,59,52,82,74,76,58,83,53,83,64,76,90,74,93,40,85,74,75,83,58,39,34,11,13,12,8,11
142,E. Banega,Midfielder,30,"5'9""",157,84,€29M,80,66,49,88,65,84,83,81,87,86,68,64,79,77,83,74,57,74,67,78,73,76,75,88,78,80,75,70,66,13,8,7,7,10
143,Y. Sommer,GoalKeeper,29,"6'0""",174,84,€24M,13,13,10,40,8,15,12,13,31,25,48,54,55,81,58,23,73,45,68,12,38,21,15,58,24,57,9,19,12,79,84,81,80,87
144,Naldo,Defender,35,"6'6""",201,84,€7.5M,45,57,93,74,60,60,52,76,70,67,60,64,46,84,36,92,43,61,82,82,71,82,53,59,60,84,85,87,85,14,10,14,8,14
145,Miranda,Defender,33,"6'1""",172,84,€12.5M,48,43,80,70,51,67,32,39,69,71,66,69,61,81,57,70,82,65,79,41,83,85,43,58,49,81,87,87,85,12,6,10,13,12
146,S. Ruffier,GoalKeeper,31,"6'2""",205,84,€19M,11,11,12,33,13,12,17,12,34,15,45,50,51,78,55,21,72,37,76,11,31,25,12,49,25,66,13,12,11,82,84,77,85,82
147,Falcao,Striker,32,"5'10""",159,84,€25M,55,86,89,79,84,75,83,73,58,82,69,66,76,85,75,79,91,68,75,80,75,41,88,70,81,87,39,42,19,10,13,6,9,5
148,Raúl Albiol,Defender,32,"6'3""",181,84,€18M,38,27,77,74,31,59,53,45,72,71,54,53,53,82,56,65,77,55,82,53,81,86,30,57,37,75,89,87,85,8,6,5,9,8
149,A. Gómez,Striker,30,"5'5""",150,84,€30M,82,76,38,82,72,89,79,79,74,87,94,86,92,83,94,76,70,75,48,79,56,40,81,85,72,84,50,30,34,8,11,12,9,6
150,Quaresma,Midfielder,34,"5'9""",148,84,€15.5M,92,67,41,79,80,89,94,73,75,88,81,80,91,78,84,79,63,65,55,80,74,24,78,84,74,84,29,17,13,12,14,10,5,15
151,A. Robben,Striker,34,"5'11""",176,84,€15.5M,80,85,51,82,86,89,90,81,71,88,83,76,87,85,90,86,60,63,67,86,47,37,84,80,78,85,30,26,26,10,8,11,5,15
152,M. de Ligt,Defender,18,"6'2""",196,83,€31.5M,57,53,82,75,40,65,48,55,72,73,62,72,56,80,59,79,80,74,87,64,83,79,44,63,40,78,84,84,78,12,11,11,12,10
153,M. Rashford,Striker,20,"6'1""",154,83+1,€37.5M,74,79,73,76,72,84,81,80,65,84,90,93,88,82,77,87,68,86,76,79,73,42,84,76,74,76,37,40,33,11,6,15,7,14
154,Gabriel Jesus,Striker,21,"5'9""",161,83,€41M,66,85,75,76,72,86,76,54,66,85,87,85,92,85,91,78,77,84,68,73,73,32,88,77,78,82,53,23,19,13,8,6,6,15
155,G. Donnarumma,GoalKeeper,19,"6'5""",198,83,€33.5M,12,12,12,34,8,28,12,14,24,28,46,54,64,74,38,24,72,34,72,18,30,26,14,50,24,68,20,14,16,89,78,73,79,89
156,Ronaldo Cabrais,Midfielder,26,"5'10""",165,83,€28M,83,74,64,83,76,85,86,78,82,83,88,87,85,84,76,82,64,86,70,78,62,40,82,83,77,81,24,35,33,12,12,13,15,13
157,Josué Chiamulera,Defender,26,"6'1""",176,83,€22.5M,40,38,83,74,44,56,45,49,61,70,83,78,77,85,68,53,69,76,73,41,88,84,38,42,56,71,85,87,82,16,15,13,15,10
158,Louri Beretta,Striker,26,"6'2""",183,83,€28.5M,56,85,83,73,82,75,59,67,47,74,79,83,55,84,55,85,84,56,87,82,65,32,83,58,77,79,26,27,24,8,11,20,19,20
159,P. Kimpembe,Defender,22,"6'2""",176,83,€30.5M,62,31,79,79,33,58,50,32,75,78,75,78,74,79,65,55,77,80,84,39,88,83,39,60,50,80,80,83,83,7,8,14,15,9
160,N. Keïta,Midfielder,23,"5'8""",141,83,€34M,62,74,42,87,71,88,64,70,77,88,78,64,89,82,90,76,53,82,58,73,78,76,74,81,58,79,68,64,62,7,14,15,14,9
161,L. Hernández,Defender,22,"6'0""",168,83,€29.5M,78,53,82,80,46,65,59,39,63,79,80,84,70,85,67,62,83,86,79,51,86,82,60,61,42,76,78,83,86,10,7,8,14,10
162,C. Tolisso,Midfielder,23,"5'11""",179,83,€34M,67,75,82,84,62,77,66,73,86,81,75,66,75,83,74,82,90,87,77,81,81,76,79,80,70,74,75,78,71,7,10,14,9,14
163,A. Kramarić,Midfielder,27,"5'10""",161,83,€30.5M,76,86,69,79,85,87,79,74,53,86,78,73,82,83,83,83,69,77,68,85,73,21,84,72,91,82,35,20,26,8,14,14,7,15
164,A. Robertson,Defender,24,"5'10""",141,83,€29M,87,57,63,76,32,76,74,30,68,78,83,86,78,83,74,67,62,93,66,60,80,81,66,74,55,79,81,83,78,11,8,10,7,14
165,T. Lemar,Midfielder,22,"5'7""",137,83,€35.5M,83,75,54,84,76,85,85,81,75,86,86,84,87,79,86,79,71,79,63,78,63,66,78,84,68,80,55,59,63,11,15,13,7,14
166,K. Coman,Striker,22,"5'10""",157,83,€34.5M,81,77,52,77,77,88,84,70,63,83,95,93,88,82,84,78,75,76,63,73,36,23,79,75,70,75,29,17,15,5,3,5,3,5
167,Anderson Talisca,Midfielder,24,"6'3""",176,83,€34M,78,80,77,81,76,82,86,87,79,84,77,76,76,79,65,84,58,76,72,88,67,58,86,81,71,74,55,62,42,13,11,13,12,10
168,João Cancelo,Defender,24,"6'0""",163,83,€29.5M,86,58,64,79,62,85,83,69,75,84,91,91,78,83,74,80,73,90,66,66,73,77,78,74,46,77,79,79,79,6,9,15,14,14
169,A. Romagnoli,Defender,23,"6'2""",172,83,€31M,36,30,77,72,28,65,36,24,71,70,63,69,60,78,53,64,78,75,81,46,85,86,31,45,34,76,88,86,82,9,14,12,8,9
170,A. Rabiot,Midfielder,23,"6'4""",176,83,€33M,70,69,77,85,72,79,73,59,83,83,73,74,79,83,72,80,73,82,80,79,76,80,76,80,67,84,70,81,75,9,12,9,7,15
171,L. Goretzka,Midfielder,23,"6'2""",174,83,€34M,75,73,80,84,68,81,76,75,79,83,84,79,76,84,70,78,74,86,72,80,80,82,79,82,60,80,72,76,74,13,8,15,11,9
172,Q. Promes,Midfielder,26,"5'9""",159,83,€28M,79,86,60,78,69,84,75,76,73,82,90,91,87,82,79,82,82,83,61,83,60,33,79,81,74,78,36,30,32,10,13,6,7,13
173,Lucas Vázquez,Midfielder,27,"5'8""",154,83,€27M,83,72,56,83,58,82,82,71,75,82,86,82,86,85,84,80,68,90,57,76,72,62,82,83,56,75,62,62,61,9,16,9,9,7
174,Y. Carrasco,Midfielder,24,"5'11""",161,83,€33M,78,79,53,77,68,88,81,78,71,87,89,87,88,83,71,84,68,74,59,75,61,18,81,71,74,75,58,39,26,9,11,9,10,10
175,Felipe,Defender,29,"6'3""",190,83,€22.5M,45,39,81,74,44,57,32,30,67,62,60,67,52,77,57,46,90,78,86,41,92,81,34,50,47,75,85,85,79,9,11,14,9,7
176,William Carvalho,Midfielder,26,"6'2""",183,83-1,€27M,68,52,73,81,50,78,79,50,84,80,62,67,51,75,51,70,69,85,92,59,78,81,64,81,60,89,82,83,67,6,6,5,14,14
177,M. Kovačić,Midfielder,24,"5'9""",172,83,€35M,73,62,42,87,76,88,78,68,82,89,84,74,85,74,85,79,63,82,65,75,77,76,71,88,59,81,69,74,63,9,5,6,7,7
178,S. Gnabry,Striker,22,"5'9""",165,83,€34M,74,81,46,79,83,87,64,62,68,83,92,90,86,81,88,85,64,68,68,81,63,38,80,74,68,74,45,48,45,14,10,10,9,7
179,E. Višća,Striker,28,"5'8""",139,83,€26M,80,80,45,82,74,82,74,60,71,82,90,89,93,80,88,79,69,84,58,77,47,52,83,77,75,82,55,40,40,8,14,14,12,16
180,Jorginho,Midfielder,26,"5'11""",148,83,€30M,75,57,56,89,71,82,75,76,87,85,70,61,77,82,73,71,58,79,66,62,79,76,68,87,84,79,62,77,70,14,7,13,14,8
181,J. Pickford,GoalKeeper,24,"6'1""",170,83,€25M,17,19,15,55,20,14,18,16,55,40,53,44,55,83,55,31,72,45,70,13,30,24,18,68,41,69,16,20,12,83,78,87,81,86
182,S. Savić,Defender,27,"6'2""",174,83,€25.5M,35,34,85,72,27,47,34,28,69,68,55,61,61,82,49,43,87,58,77,31,83,84,29,41,37,75,86,83,83,14,13,14,13,12
183,J. Stones,Defender,24,"6'2""",154,83,€28.5M,62,29,83,81,27,69,47,29,74,80,67,71,61,82,59,46,75,79,77,38,79,81,48,67,44,82,85,85,82,7,15,11,10,8
184,T. Hazard,Striker,25,"5'9""",152,83,€31M,79,76,38,82,80,87,83,79,73,84,86,77,91,82,84,78,60,77,62,78,57,41,84,83,81,77,30,47,38,6,9,7,7,8
185,Suso,Striker,24,"5'9""",154,83,€32M,84,70,50,86,72,88,87,80,75,89,83,77,86,78,84,78,50,77,56,87,23,20,76,84,72,76,50,23,18,15,15,9,8,9
186,J. Draxler,Midfielder,24,"6'2""",170,83,€32.5M,83,78,65,84,84,88,78,76,79,89,78,77,80,83,75,86,75,69,66,82,48,66,79,84,63,83,39,64,44,11,13,5,13,8
187,Lucas Moura,Striker,25,"5'9""",154,83,€31M,75,78,50,77,70,88,69,74,74,81,94,90,94,76,90,79,77,75,59,76,72,50,80,74,74,80,31,43,51,9,10,14,7,14
188,Danilo Pereira,Midfielder,26,"6'2""",183,83,€26M,50,61,78,82,55,76,48,53,79,78,63,68,58,76,60,76,67,83,89,65,85,84,69,73,52,84,83,84,75,9,7,13,14,15
189,Nacho Fernández,Defender,28,"5'11""",168,83,€23.5M,70,32,82,80,38,55,55,37,61,78,70,79,60,79,68,54,81,78,79,28,78,81,37,53,45,73,75,86,85,12,7,10,15,7
190,T. Horn,GoalKeeper,25,"6'4""",198,83,€23M,19,13,14,35,14,20,12,15,32,22,45,51,50,79,31,22,64,31,67,17,41,22,15,55,21,25,14,13,12,83,80,83,82,86
191,F. Acerbi,Defender,30,"6'4""",194,83,€19M,25,37,80,73,39,65,62,56,77,72,65,55,33,81,35,75,68,81,83,60,73,85,20,65,72,85,87,87,85,11,9,9,13,11
192,Sergi Roberto,Midfielder,26,"5'10""",150,83,€24.5M,85,63,72,85,50,80,78,60,78,83,78,79,69,80,74,65,47,88,69,66,68,81,69,83,57,76,75,82,82,14,16,11,15,10
193,Pablo Sarabia,Midfielder,26,"5'9""",154,83,€30.5M,84,78,61,83,64,86,84,74,79,85,75,76,80,77,81,76,40,72,58,77,46,55,82,84,69,74,57,54,49,16,7,15,6,14
194,Rodrigo,Striker,27,"6'0""",170,83,€30.5M,72,78,80,78,77,82,83,67,58,82,88,91,84,82,77,83,78,78,72,76,60,31,83,74,77,77,44,41,40,7,13,10,11,5
195,Pizzi,Midfielder,28,"5'10""",159,83,€25.5M,79,76,45,83,77,80,83,76,84,82,82,73,77,81,77,75,67,86,59,78,68,70,84,85,76,85,66,66,52,15,14,9,9,15
196,K. Kampl,Midfielder,27,"5'10""",148,83,€26.5M,72,63,34,84,68,86,78,75,79,84,84,71,91,84,80,69,67,88,47,73,64,75,73,82,64,83,65,64,59,13,11,7,6,16
197,Neto,GoalKeeper,28,"6'3""",185,83,€21M,11,15,14,36,12,19,12,13,41,24,53,49,59,79,49,28,80,41,63,20,40,15,11,42,22,64,17,14,15,85,79,79,78,82
198,O. Baumann,GoalKeeper,28,"6'2""",181,83,€21M,14,11,16,30,11,19,12,11,25,17,47,51,45,81,43,21,73,39,69,13,32,21,10,41,22,52,15,18,14,83,82,70,79,85
199,I. Gueye,Midfielder,28,"5'9""",146,83,€21M,60,50,69,78,32,75,33,61,72,79,76,72,82,83,80,80,87,89,70,66,84,88,67,67,54,80,84,89,84,8,6,8,12,13
200,K. Casteels,GoalKeeper,26,"6'6""",190,83,€21.5M,15,15,14,35,13,14,20,13,37,23,44,46,50,82,43,21,58,44,72,18,33,16,15,42,20,40,11,19,17,83,79,79,82,83
201,Marcos Alonso,Defender,27,"6'2""",192,83,€21.5M,85,68,83,84,70,78,85,86,73,83,69,76,64,83,58,84,71,90,76,77,75,78,79,69,64,76,79,82,79,9,7,13,9,12
202,B. Leno,GoalKeeper,26,"6'3""",183,83,€22.5M,9,9,13,45,10,16,9,8,42,22,46,52,52,77,44,23,73,43,68,14,28,22,7,54,23,66,27,15,18,83,81,75,84,82
203,Canales,Striker,27,"5'11""",163,83+1,€27M,78,76,46,84,63,83,81,79,77,83,79,82,79,79,72,74,40,77,67,81,55,50,81,83,72,80,60,47,43,15,12,16,13,12
204,B. Dost,Striker,29,"6'5""",196,83,€26M,38,87,94,73,85,68,61,30,37,75,49,54,32,85,32,82,51,82,92,71,68,39,89,68,90,81,38,45,26,6,12,15,11,8
205,Oscar,Midfielder,26,"5'10""",146,83,€30.5M,74,76,54,86,65,78,77,76,82,84,75,72,86,81,80,80,64,76,38,77,43,45,79,83,70,75,66,52,47,12,10,15,12,12
206,A. Kolarov,Defender,32,"6'2""",179,83,€14.5M,90,60,80,78,64,80,85,88,77,77,74,73,63,86,58,95,80,85,77,86,86,82,78,77,80,90,82,83,81,16,15,8,16,6
207,G. Wijnaldum,Midfielder,27,"5'9""",152,83,€26.5M,67,70,72,85,73,84,76,70,78,85,79,76,82,82,84,76,80,87,74,71,69,76,78,78,74,84,74,76,65,16,6,14,12,6
208,David Luiz,Defender,31,"6'2""",190,83,€17.5M,68,55,81,77,63,66,70,76,82,79,60,64,69,75,56,81,78,66,79,73,85,85,54,71,75,77,79,83,82,11,12,10,7,14
209,Sergio Asenjo,GoalKeeper,29,"6'2""",192,83-1,€20M,24,14,13,39,15,15,23,22,39,14,59,54,62,79,58,24,73,41,73,13,20,22,12,46,15,64,24,15,14,85,83,77,80,82
210,Rui Patrício,GoalKeeper,30,"6'3""",185,83,€16.5M,12,12,11,31,17,20,10,16,30,23,53,57,61,79,54,38,79,45,77,11,39,22,13,64,32,66,14,13,11,85,81,78,80,82
211,Javi Martínez,Defender,29,"6'4""",190,83,€20M,60,43,87,77,58,60,46,45,74,74,49,53,53,83,48,76,85,74,84,62,90,87,51,75,52,80,85,86,86,5,12,9,11,8
212,L. Bender,Midfielder,29,"6'1""",179,83,€20M,69,59,78,79,57,72,49,47,74,75,66,67,65,83,63,74,77,86,76,71,79,86,69,76,52,83,88,86,82,12,6,7,12,7
213,D. Payet,Midfielder,31,"5'9""",170,83-1,€22.5M,87,78,59,84,77,84,88,82,80,88,75,72,79,75,80,81,48,73,72,80,57,37,79,87,74,84,32,36,39,11,15,9,14,12
214,Jonas,Striker,34,"5'11""",163,83,€13.5M,70,88,82,76,85,82,85,77,75,88,64,63,77,84,69,82,69,66,62,85,61,34,85,83,84,87,31,36,25,12,11,7,8,5
215,Lucas Leiva,Midfielder,31,"5'10""",172,83,€17.5M,63,62,72,82,59,77,74,47,81,78,67,67,78,82,80,77,82,80,67,66,80,87,66,81,61,86,82,82,78,10,8,8,5,6
216,Sokratis,Defender,30,"6'1""",187,83,€19M,47,44,85,60,46,58,29,35,51,58,66,75,60,81,64,77,86,69,86,48,88,76,49,45,24,82,85,85,85,6,8,5,12,5
217,S. Sirigu,GoalKeeper,31,"6'4""",176,83,€15.5M,13,10,11,23,12,15,11,11,28,18,50,51,52,75,55,20,68,34,66,14,34,20,10,55,19,62,14,11,13,84,80,76,84,82
218,K. Schmeichel,GoalKeeper,31,"6'2""",196,83,€15.5M,18,12,16,44,15,12,13,15,46,40,56,60,62,81,47,36,60,34,64,14,35,20,13,59,26,67,14,14,13,81,77,82,79,88
219,F. Ribéry,Striker,35,"5'7""",159,83,€11.5M,80,74,41,83,79,84,83,81,74,87,78,78,84,83,90,75,34,58,60,71,51,33,77,84,78,85,31,25,26,15,6,9,7,10
220,A. Barzagli,Defender,37,"6'2""",192,83,€3.5M,40,21,70,63,35,64,50,31,65,63,61,74,52,80,64,54,81,53,83,39,66,90,28,62,60,88,94,88,80,4,2,4,2,4
221,R. Jarstein,GoalKeeper,33,"6'3""",181,83,€13M,18,13,16,34,16,11,10,14,34,23,40,46,35,76,45,21,59,31,70,18,34,19,15,37,13,55,12,11,13,79,82,76,86,84
222,D. De Rossi,Midfielder,34,"6'0""",183,83,€8M,57,50,81,81,74,64,62,71,80,77,63,63,64,80,72,81,77,73,79,72,83,87,55,73,80,90,90,82,80,10,7,13,10,9
223,Casillas,GoalKeeper,37,"6'1""",185,83,€1.7M,13,12,25,21,14,25,25,13,22,23,56,55,62,79,46,28,77,41,70,13,23,22,16,62,24,70,24,11,13,87,76,61,85,84
224,J. Pavlenka,GoalKeeper,26,"6'5""",179,82,€19.5M,11,16,14,28,19,12,10,14,17,19,35,37,39,78,27,21,36,20,68,17,22,13,14,25,18,39,12,10,14,85,78,68,78,85
225,Rodri,Midfielder,22,"6'3""",181,82,€29M,63,64,75,84,59,77,65,54,80,82,70,66,69,80,72,70,69,82,75,76,63,81,75,83,46,83,71,79,74,10,10,7,14,8
226,Arthur,Midfielder,21,"5'7""",161,82,€32.5M,70,72,58,86,63,83,68,60,80,84,68,70,79,81,90,76,78,78,62,74,73,75,77,84,69,86,65,76,70,6,13,13,11,12
227,Rosberto Dourado,Midfielder,30,"5'9""",154,82,€16.5M,61,53,70,82,57,77,54,57,78,76,80,81,72,80,80,60,43,93,68,59,75,82,58,77,77,81,83,86,80,15,14,14,10,9
228,Juiano Mestres,Midfielder,34,"5'11""",181,82,€6.5M,40,56,83,67,63,60,72,58,58,64,68,74,61,78,63,74,91,76,79,61,86,82,58,50,62,70,77,85,84,18,12,14,11,18
229,Raphaelito Anjos,GoalKeeper,30,"6'3""",187,82,€14M,10,8,11,18,8,9,9,18,16,21,41,42,34,82,41,21,67,29,79,7,34,23,27,71,14,67,20,17,13,79,84,77,83,78
230,F. de Jong,Defender,21,"5'11""",154,82,€31M,75,52,64,87,64,86,82,64,82,88,80,78,84,83,78,68,76,74,69,57,64,78,66,85,45,86,69,73,70,7,13,10,10,9
231,Fabián,Midfielder,22,"6'2""",154,82,€32M,72,79,67,80,67,83,75,59,80,83,69,67,73,79,66,75,46,75,70,83,68,77,80,84,67,77,70,78,75,16,11,7,13,13
232,G. Lo Celso,Midfielder,22,"5'9""",154,82,€30M,75,77,59,82,69,84,82,72,84,84,77,79,82,80,81,80,64,80,69,76,65,65,79,84,60,79,61,67,67,10,7,10,15,14
233,Gonçalo Guedes,Striker,21,"5'10""",150,82,€29M,78,75,60,77,71,86,76,70,69,81,89,90,85,80,78,81,65,75,62,77,67,50,77,77,69,80,24,34,30,9,12,11,9,9
234,L. Torreira,Midfielder,22,"5'6""",141,82,€25M,74,50,59,83,65,78,70,78,77,81,81,74,85,79,93,78,52,85,66,74,86,86,65,74,48,78,84,84,77,5,5,13,7,9
235,Malcom,Striker,21,"5'8""",163,82,€31.5M,79,75,57,80,71,85,77,81,73,85,87,82,92,79,84,85,58,74,64,85,53,26,78,81,68,78,21,28,17,8,14,15,7,9
236,H. Lozano,Striker,22,"5'9""",154,82,€29.5M,75,77,58,74,75,84,72,65,67,81,94,93,91,82,76,76,67,80,59,76,64,45,78,75,64,77,42,35,29,11,10,14,14,10
237,Pau López,GoalKeeper,23,"6'2""",170,82,€21.5M,24,19,15,38,17,18,23,21,41,16,45,52,40,74,57,21,71,42,52,18,39,16,20,62,25,62,19,20,11,81,83,79,83,83
238,C. Lenglet,Defender,23,"6'1""",179,82,€26M,36,23,80,78,24,60,25,27,69,76,72,73,62,81,60,58,85,73,80,35,80,82,50,60,43,78,85,84,80,10,10,9,12,7
239,M. Politano,Striker,24,"5'7""",148,82,€28M,80,74,40,80,75,84,79,77,76,84,85,86,90,79,82,78,50,79,45,82,63,38,77,75,70,79,63,29,29,11,12,6,8,11
240,J. Tah,Defender,22,"6'5""",214,82,€25M,35,20,80,74,24,55,30,27,69,64,64,77,48,81,44,44,72,63,93,25,76,80,27,61,38,75,80,87,84,11,8,7,9,14
241,F. Bernardeschi,Striker,24,"6'1""",170,82,€28M,82,70,50,82,74,86,82,80,72,87,83,83,85,80,82,82,49,80,63,82,52,66,78,80,72,83,65,46,42,14,15,10,13,12
242,T. Strakosha,GoalKeeper,23,"6'4""",172,82,€21.5M,18,18,11,26,11,14,14,12,22,15,41,46,45,74,47,18,56,23,66,14,20,24,18,49,21,61,20,18,12,84,78,75,79,87
243,K. Demirbay,Midfielder,24,"6'0""",159,82,€28M,72,73,46,85,59,84,85,81,82,85,67,67,77,83,77,77,72,74,68,76,69,57,78,84,70,77,65,59,54,14,15,11,14,14
244,D. Rugani,Defender,23,"6'3""",185,82,€24.5M,40,33,80,65,35,64,45,25,59,65,59,67,59,78,53,58,81,69,79,39,72,86,28,50,36,70,87,86,82,5,10,5,5,5
245,P. Zieliński,Midfielder,24,"5'11""",165,82,€30M,77,68,52,84,75,85,80,65,80,85,82,84,79,76,76,76,54,76,60,82,56,75,77,83,51,75,69,72,71,12,9,12,11,6
246,Grimaldo,Defender,22,"5'7""",152,82,€24M,83,50,65,79,58,83,85,82,78,82,86,84,85,82,86,78,64,86,63,74,68,80,75,60,51,81,75,78,79,7,13,10,7,13
247,T. Partey,Defender,25,"6'1""",170,82,€25.5M,66,63,68,83,53,79,68,58,77,81,73,76,72,81,53,80,84,89,81,77,81,78,62,73,49,75,78,83,80,11,13,9,9,7
248,J. Vardy,Striker,31,"5'10""",163,82,€20M,64,85,69,65,82,76,60,57,48,76,89,90,75,87,76,85,76,85,67,67,88,49,85,72,81,82,56,52,51,15,14,7,15,11
249,A. Belotti,Striker,24,"5'11""",159,82,€30M,42,88,84,68,80,78,64,56,42,75,78,79,79,76,75,81,83,83,84,67,83,31,85,61,77,75,55,23,32,13,7,12,14,7
250,E. Forsberg,Midfielder,26,"5'10""",163,82,€26M,84,70,45,85,67,82,81,77,69,87,75,70,81,82,82,73,53,73,62,74,62,43,75,83,66,77,35,26,17,13,7,9,15,11
251,J. Martínez,Striker,25,"5'7""",152,82,€28.5M,53,86,77,68,75,76,68,57,55,79,87,90,91,80,90,81,86,73,74,66,66,20,85,58,70,75,20,20,15,12,14,14,12,8
252,J. Lingard,Striker,25,"5'9""",137,82,€26.5M,74,79,67,79,70,84,80,63,66,84,84,82,86,83,86,80,65,89,53,80,73,53,86,82,71,84,65,50,44,14,10,8,13,9
253,F. Vázquez,Striker,29,"6'1""",181,82,€21.5M,73,74,68,84,81,86,79,68,78,87,58,62,69,78,39,76,44,68,79,84,78,54,77,84,67,80,46,40,37,14,15,13,9,7
254,S. Haller,Striker,24,"6'3""",201,82+1,€28.5M,40,84,84,75,81,74,52,46,35,79,68,76,68,84,53,79,80,72,91,64,74,34,84,72,90,80,39,54,46,6,7,14,7,6
255,A. Rüdiger,Defender,25,"6'3""",187,82,€22.5M,68,32,80,75,34,60,35,56,72,69,67,78,59,82,50,72,73,60,82,44,88,80,39,57,40,72,82,85,82,14,15,10,12,8
256,A. Milik,Striker,24,"6'1""",172,82,€29.5M,58,88,78,63,76,76,71,82,62,79,69,74,68,75,63,85,65,73,80,82,67,36,83,60,79,75,35,34,32,9,16,16,15,6
257,A. Florenzi,Striker,27,"5'8""",148,82,€20.5M,77,70,72,77,87,78,73,79,75,79,86,84,87,80,82,82,74,90,67,82,79,79,82,76,76,80,76,79,78,9,8,10,11,10
258,H. Maguire,Defender,25,"6'4""",220,82,€23.5M,44,43,87,77,41,70,38,46,72,76,39,54,52,79,58,68,74,68,89,45,84,78,61,60,44,79,81,84,81,14,16,9,14,9
259,K. Bellarabi,Midfielder,28,"6'0""",179,82,€22.5M,77,73,48,79,73,87,70,58,58,84,92,93,86,82,78,85,75,73,70,77,72,38,77,77,57,78,31,30,33,10,12,7,11,10
260,T. Meunier,Midfielder,26,"6'3""",198,82,€21M,83,76,75,82,79,75,74,56,74,82,74,81,63,80,49,77,72,92,85,78,73,76,80,71,65,78,77,82,80,8,13,15,6,9
261,S. Sané,Midfielder,27,"6'5""",187,82,€18.5M,57,38,88,73,26,64,33,58,71,70,63,65,60,79,37,77,47,69,88,55,84,83,48,62,43,78,77,90,78,14,7,10,13,16
262,Rafinha,Striker,25,"5'9""",157,82,€28M,72,73,55,86,76,87,75,61,76,84,71,70,80,79,80,79,73,67,66,82,44,70,77,81,67,80,68,74,66,11,6,15,13,7
263,Gabriel Paulista,Defender,27,"6'2""",174,82,€21M,67,42,81,74,48,60,57,46,69,69,74,74,70,82,67,61,83,76,84,50,82,82,51,65,51,73,83,83,83,15,6,15,15,7
264,Morata,Striker,25,"6'2""",187,82,€27.5M,73,80,86,78,80,83,76,44,51,82,76,86,66,79,60,80,84,68,78,72,56,24,85,76,70,76,37,14,20,4,5,4,4,5
265,B. Lecomte,GoalKeeper,27,"6'1""",172,82,€18.5M,13,11,10,17,10,11,20,19,21,23,44,40,36,78,25,18,62,34,55,10,23,24,10,41,20,63,17,11,12,82,78,78,81,83
266,Paco Alcácer,Striker,24,"5'9""",159,82,€28.5M,53,85,78,77,84,78,78,63,51,81,82,80,83,84,84,80,77,63,64,74,59,26,86,67,69,84,50,21,26,12,14,14,8,5
267,J. Cillessen,GoalKeeper,29,"6'1""",183,82,€18M,17,10,12,50,19,12,10,10,35,32,54,50,48,78,50,35,71,40,67,15,25,25,11,60,21,61,18,12,11,80,83,75,81,82
268,W. Ben Yedder,Striker,27,"5'7""",150,82,€23.5M,74,84,74,78,78,84,80,76,66,83,87,83,91,83,87,79,81,69,60,69,55,44,87,79,76,84,34,33,26,6,13,9,7,7
269,C. Bakambu,Striker,27,"6'0""",161,82,€26M,74,84,71,75,80,80,78,54,66,82,88,88,80,81,72,84,79,79,76,74,72,39,85,73,69,80,32,29,21,6,13,6,14,6
270,W. Zaha,Midfielder,25,"5'11""",146,82,€28.5M,81,77,47,75,61,90,57,51,65,87,89,92,88,77,82,78,57,76,75,68,73,23,78,77,66,81,22,29,28,15,10,15,11,10
271,Luis Alberto,Midfielder,25,"6'0""",163,82,€27.5M,76,80,49,88,76,86,86,81,87,88,77,72,79,83,74,77,54,73,67,77,29,28,81,87,56,72,44,25,18,6,8,6,12,11
272,Jonathan Viera,Midfielder,28,"5'7""",141,82,€22.5M,75,78,41,84,65,84,80,76,78,82,86,76,89,81,92,70,88,79,67,79,56,73,72,84,74,80,56,68,55,16,16,9,14,9
273,Bartra,Defender,27,"6'0""",161,82,€21M,57,55,82,79,43,70,66,45,79,80,75,73,72,82,71,69,89,67,71,64,80,86,61,75,52,76,78,83,80,10,15,13,12,8
274,S. Coates,Defender,27,"6'5""",203,82,€21M,17,42,80,70,39,64,39,19,70,62,46,63,32,75,30,50,54,81,94,30,83,80,49,50,65,74,84,85,85,16,13,15,16,13
275,Willian José,Striker,26,"6'2""",205,82,€26.5M,54,84,84,78,80,79,68,71,50,80,62,65,65,81,43,84,72,73,90,77,65,35,87,68,80,75,40,32,30,15,14,16,15,8
276,Mário Fernandes,Midfielder,27,"6'2""",176,82,€18.5M,74,56,72,82,52,80,66,39,71,79,79,85,79,80,61,71,84,87,75,58,77,78,76,73,53,76,83,82,84,12,13,14,13,12
277,X. Shaqiri,Midfielder,26,"5'7""",159,82,€24M,79,71,45,82,76,86,88,84,81,84,84,77,84,80,91,87,52,75,73,84,61,55,74,81,65,82,35,49,48,13,12,12,11,11
278,T. Delaney,Midfielder,26,"6'0""",174,82,€21.5M,67,72,83,79,66,73,71,68,78,77,76,78,73,81,74,78,91,90,79,74,84,85,75,77,60,81,80,83,86,8,12,11,14,15
279,H. Mkhitaryan,Midfielder,29,"5'10""",165,82,€21.5M,77,73,53,80,80,83,83,64,71,85,84,78,86,79,85,85,69,81,60,73,69,62,82,83,72,76,41,53,55,5,11,14,5,7
280,D. Subašić,GoalKeeper,33,"6'3""",185,82,€11M,11,10,13,24,13,11,24,39,26,19,51,54,42,78,37,24,75,32,80,14,31,20,15,52,23,65,14,14,13,80,78,79,80,84
281,S. Mustafi,Defender,26,"6'0""",181,82,€22.5M,53,58,81,77,51,53,55,47,69,70,60,65,63,82,67,66,83,68,78,52,84,82,50,55,54,73,80,82,82,11,9,15,10,6
282,K. Glik,Defender,30,"6'3""",176,82,€16.5M,29,27,85,63,17,51,35,26,59,59,50,52,34,78,51,57,81,67,90,20,86,82,24,23,39,79,80,83,80,10,14,5,8,10
283,K. Strootman,Midfielder,28,"6'1""",176,82,€18M,74,68,68,86,63,75,75,70,83,82,65,66,65,81,68,81,53,79,81,70,86,81,78,79,77,85,75,82,75,7,12,11,6,7
284,Pedro,Striker,30,"5'7""",143,82,€21M,78,78,55,80,70,84,81,57,71,85,79,74,82,81,80,77,66,70,47,79,56,49,82,77,66,77,49,32,31,5,11,12,15,9
285,G. Bonaventura,Striker,28,"5'11""",165,82,€22M,82,70,70,84,78,83,78,78,80,85,75,77,77,82,77,84,69,84,66,86,68,72,78,82,68,82,74,72,68,10,14,7,15,14
286,Taison,Midfielder,30,"5'8""",141,82,€21M,73,76,56,77,82,87,52,73,75,85,93,91,90,79,83,83,62,79,62,83,56,49,74,79,72,82,38,53,40,7,7,11,15,13
287,Marlos,Midfielder,30,"5'9""",152,82,€21M,76,79,53,81,68,87,82,72,73,88,85,82,92,77,84,77,68,78,62,78,58,51,77,82,80,84,45,49,42,6,13,13,8,9
288,M. Balotelli,Striker,27,"6'2""",194,82,€23.5M,68,83,67,78,78,81,78,78,66,85,75,80,71,68,50,89,74,66,86,79,70,30,78,74,92,81,10,22,20,2,2,2,4,2
289,A. Ramsey,Midfielder,27,"6'0""",168,82,€23M,75,74,58,84,79,81,70,66,80,82,65,69,73,81,74,81,66,89,67,74,73,69,84,79,75,81,66,70,67,6,11,5,10,8
290,K. Trippier,Defender,27,"5'10""",159,82,€18.5M,91,48,73,79,54,75,87,83,78,81,76,75,74,80,74,75,73,88,65,70,70,79,75,80,66,73,77,82,79,11,14,8,11,10
291,Luiz Gustavo,Defender,30,"6'2""",172,82,€16.5M,63,48,72,79,54,68,42,60,76,73,63,62,65,83,62,78,76,85,81,73,88,83,53,69,58,84,82,81,84,10,6,11,12,13
292,P. Gulácsi,GoalKeeper,28,"6'4""",190,82+1,€18M,16,10,23,29,10,19,18,11,25,25,42,44,41,75,50,23,67,35,68,12,34,23,11,36,24,45,25,16,20,83,82,80,79,84
293,Giuliano,Striker,28,"5'8""",150,82,€22.5M,77,77,59,82,65,82,67,71,80,84,85,77,85,81,85,78,61,82,74,76,72,42,81,80,79,82,49,43,38,16,11,13,9,8
294,G. Sigurðsson,Midfielder,28,"6'1""",170,82,€22.5M,86,77,60,85,75,80,87,86,80,85,58,55,68,78,63,83,68,86,68,86,57,55,79,86,79,85,57,57,55,13,8,10,15,12
295,S. Giovinco,Striker,31,"5'4""",134,82,€20M,72,78,34,80,75,86,90,93,76,86,88,80,94,83,91,80,34,77,42,81,75,26,83,78,73,82,23,29,28,6,3,6,3,3
296,M. Arnautović,Striker,29,"6'4""",183,82,€22M,78,78,74,78,79,84,79,72,74,85,79,83,69,78,66,84,67,78,84,75,84,44,83,77,77,81,43,48,39,14,15,10,10,15
297,N. Gaitán,Midfielder,30,"5'8""",146,82,€21M,80,71,54,81,81,84,88,72,75,83,84,79,87,82,81,72,81,69,46,73,69,40,77,82,71,80,35,42,43,8,11,9,7,5
298,J. Henderson,Midfielder,28,"6'0""",176,82,€18M,81,67,65,84,72,73,80,74,84,80,67,66,68,80,70,77,79,91,72,71,77,80,75,83,64,78,77,79,76,7,13,7,9,13
299,M. Kruse,Midfielder,30,"5'11""",168,82,€21.5M,81,83,63,84,80,82,80,69,80,85,69,67,74,85,76,81,65,71,72,79,63,41,85,84,91,86,57,38,34,12,7,5,13,9
300,M. Parolo,Midfielder,33,"6'0""",165,82,€9M,70,70,75,80,76,75,67,55,83,79,68,69,67,82,71,87,77,88,77,86,80,80,82,78,45,78,78,80,82,13,9,6,7,9
301,V. Ćorluka,Defender,32,"6'4""",185,82,€12.5M,68,44,83,70,38,65,69,60,72,73,49,65,57,77,46,64,81,80,86,50,81,77,45,60,49,78,79,83,82,15,9,12,14,6
302,F. Fazio,Defender,31,"6'5""",187,82,€15M,44,41,89,64,35,48,46,37,62,72,36,43,29,79,32,63,41,74,91,26,84,85,32,47,26,80,85,85,78,8,9,12,11,14
303,R. Fährmann,GoalKeeper,29,"6'6""",216,82,€17M,14,11,15,25,11,15,18,11,26,24,38,47,39,81,36,24,72,32,79,9,36,23,11,42,21,61,10,12,10,83,80,49,82,87
304,O. Giroud,Striker,31,"6'4""",203,82,€20M,64,83,90,79,82,70,70,65,58,83,43,50,57,83,54,85,84,62,88,74,76,42,83,77,83,79,37,37,20,12,15,11,6,5
305,Juan Mata,Midfielder,30,"5'7""",134,82,€21M,83,78,56,85,71,83,85,86,79,87,69,62,84,85,89,74,67,68,37,72,50,39,83,86,80,87,38,31,21,9,10,14,5,8
306,Adán,GoalKeeper,31,"6'3""",203,82,€13.5M,12,11,23,34,15,12,11,12,43,15,56,54,55,77,51,25,71,32,77,12,41,20,11,42,25,63,20,14,18,80,84,78,83,82
307,A. Guardado,Midfielder,31,"5'7""",148,82,€19M,75,63,55,85,69,81,78,81,84,85,75,72,82,82,88,72,74,83,59,74,72,74,70,85,70,76,75,76,74,7,10,10,11,10
308,E. Garay,Defender,31,"6'2""",198,82,€15M,62,58,80,69,49,60,55,74,72,73,34,36,54,76,34,80,76,67,88,64,77,83,42,63,69,78,82,83,81,14,6,13,13,14
309,Jardel,Defender,32,"6'4""",192,82,€12.5M,46,38,85,68,27,52,30,35,53,60,50,63,35,77,34,58,77,68,89,37,83,82,30,49,57,71,85,84,78,7,16,11,16,7
310,E. Viviano,GoalKeeper,32,"6'5""",198,82,€12.5M,12,17,13,36,13,18,14,16,37,22,30,33,35,74,32,21,66,29,58,18,18,10,10,60,21,64,27,10,12,83,84,76,81,83
311,L. Koscielny,Defender,32,"6'1""",165,82,€12.5M,52,32,80,76,35,62,22,49,69,66,64,66,65,76,61,54,78,62,75,47,86,84,41,56,51,75,80,83,83,13,11,9,11,7
312,S. Mandanda,GoalKeeper,33,"6'1""",181,82,€11M,14,13,13,37,13,15,13,12,28,17,53,43,52,78,36,24,74,31,61,11,37,23,11,55,11,64,13,15,13,83,80,70,79,84
313,A. Consigli,GoalKeeper,31,"6'2""",181,82,€13.5M,10,10,10,31,19,10,15,15,27,23,48,34,57,75,40,24,80,31,51,19,11,15,10,46,21,63,10,17,19,82,83,72,82,83
314,Cesc Fàbregas,Midfielder,31,"5'10""",170,82,€19M,85,71,74,90,81,76,78,81,89,85,56,52,62,80,75,77,63,56,61,70,45,50,70,90,78,92,64,59,58,6,10,8,15,15
315,João Moutinho,Midfielder,31,"5'7""",134,82,€19M,80,74,70,84,76,80,84,80,83,84,66,59,75,75,84,76,75,80,62,80,71,72,74,84,70,87,68,72,67,13,15,15,13,13
316,M. Dembélé,Midfielder,30,"6'1""",181,82,€0,65,64,70,85,73,89,65,55,80,88,72,72,79,83,76,79,75,60,89,68,79,81,69,80,63,90,75,81,70,16,14,11,16,14
317,F. Quagliarella,Striker,35,"5'11""",174,82,€10M,66,86,68,76,87,77,78,78,73,82,73,67,71,81,75,89,69,66,76,89,44,26,85,77,84,82,35,21,15,6,7,5,4,4
318,L. Biglia,Midfielder,32,"5'10""",139,82,€12.5M,74,50,54,86,78,80,71,76,82,84,65,65,76,80,78,77,62,75,65,75,83,82,50,80,72,80,80,78,74,14,12,7,12,7
319,H. Herrera,Midfielder,28,"6'0""",159,82,€22M,63,71,59,79,59,76,67,63,76,78,71,73,66,82,70,81,66,95,73,78,84,82,82,78,64,75,81,82,67,6,10,15,7,16
320,Dani Alves,Midfielder,35,"5'8""",150,82,€4.8M,85,61,72,81,68,84,80,74,79,86,77,79,84,77,87,86,80,74,55,78,78,79,74,78,70,80,72,79,81,5,11,9,6,7
321,Aduriz,Striker,37,"6'0""",172,82,€8M,54,83,92,72,80,76,61,54,52,82,64,64,50,85,55,82,90,60,82,78,82,23,87,73,86,87,58,44,49,14,10,9,15,9
322,P. Čech,GoalKeeper,36,"6'5""",198,82,€3M,19,12,19,35,17,12,13,19,33,22,35,38,46,77,34,21,50,32,63,11,17,23,13,53,23,63,12,13,12,78,82,70,83,79
323,Pepe Reina,GoalKeeper,35,"6'2""",203,82,€5M,11,14,13,19,11,10,11,11,22,23,50,63,50,82,60,24,73,34,72,15,32,22,13,65,24,64,20,22,24,79,82,82,82,81
324,K. Havertz,Striker,19,"6'2""",183,81,€26.5M,69,74,65,82,73,81,65,53,73,84,77,86,78,80,71,68,69,73,61,70,40,35,78,83,49,80,37,42,38,6,8,11,10,12
325,L. Jović,Midfielder,20,"6'0""",192,81+1,€25.5M,63,85,79,74,83,79,74,41,54,81,75,77,76,82,68,79,69,69,77,74,57,23,84,65,60,76,19,26,16,8,7,12,9,13
326,M. Almirón,Midfielder,24,"5'9""",139,81,€23M,71,74,43,80,75,83,74,70,71,81,90,89,86,79,64,78,46,85,52,73,65,50,74,80,64,76,43,53,49,6,9,13,13,12
327,Laure Santeiro,Striker,30,"5'7""",139,81,€17M,73,72,44,79,67,82,56,75,80,82,86,78,89,80,88,67,44,67,48,75,41,31,82,80,74,77,29,13,23,9,7,8,14,10
328,L. Bailey,Midfielder,20,"5'10""",174,81,€26.5M,77,75,57,75,75,86,77,73,66,82,94,90,86,80,84,79,86,76,59,77,58,21,80,77,71,75,45,27,18,12,13,6,15,14
329,M. Akanji,Defender,22,"6'2""",187,81,€21M,51,36,75,78,40,67,42,27,76,75,72,86,69,81,66,58,78,76,84,45,75,79,33,66,40,76,82,84,80,10,9,13,6,9
330,Nélson Semedo,Defender,24,"5'10""",148,81,€20M,74,50,58,73,42,80,61,30,65,78,91,92,88,82,83,74,80,91,62,60,77,80,72,62,38,75,75,78,79,16,12,10,14,12
331,M. Marega,Midfielder,27,"6'1""",183,81,€21M,65,82,80,68,79,65,58,37,52,67,87,88,67,78,50,86,74,92,90,74,89,26,84,68,71,74,51,34,28,14,7,13,11,11
332,Gelson Martins,Midfielder,23,"5'8""",163,81,€24M,80,66,51,76,74,85,82,60,55,81,95,94,94,81,92,72,65,86,48,69,60,43,79,78,66,85,54,46,36,12,9,7,6,9
333,W. Ndidi,Midfielder,21,"6'0""",163,81,€20M,50,50,76,74,66,74,58,58,70,76,73,73,67,79,67,82,90,92,75,73,85,84,67,67,55,74,84,85,83,13,14,7,7,13
334,Pablo Fornals,Midfielder,22,"5'10""",148,81,€24.5M,74,77,50,84,72,81,65,63,81,82,71,66,77,76,76,77,59,77,67,81,69,74,77,86,55,71,72,74,73,9,11,12,7,15
335,E. Bailly,Defender,24,"6'1""",170,81,€19.5M,51,33,79,70,42,62,46,43,56,64,75,81,67,74,62,55,85,71,86,48,87,81,47,54,46,71,79,81,83,14,14,10,9,8
336,Rúben Neves,Midfielder,21,"5'11""",176,81+1,€24M,77,64,51,84,77,74,82,83,86,81,64,64,65,78,70,84,68,78,70,83,82,75,63,85,67,83,69,74,69,16,12,10,8,10
337,Dani Ceballos,Midfielder,21,"5'10""",154,81,€25M,74,68,41,83,62,85,73,63,80,85,73,67,82,80,79,64,52,75,62,71,76,76,76,83,55,80,62,75,74,12,15,16,7,13
338,V. Lindelöf,Defender,23,"6'2""",176,81,€21M,64,42,77,79,41,70,64,64,78,76,74,76,71,80,63,68,78,77,78,57,80,81,53,69,55,81,80,82,80,12,16,8,7,9
339,T. Bakayoko,Midfielder,23,"6'2""",187,81+1,€20M,55,37,71,78,36,76,51,37,75,77,67,69,64,78,57,72,76,83,86,50,87,82,60,73,45,68,73,84,82,11,15,11,14,10
340,Morales,Midfielder,30,"5'11""",154,81,€17M,79,80,54,76,64,87,82,72,68,83,88,88,78,78,82,76,62,82,60,80,58,58,80,75,76,83,63,54,45,14,13,13,16,8
341,M. Brozović,Midfielder,25,"5'11""",150,81,€18.5M,72,69,62,83,65,81,79,74,83,83,69,70,74,77,74,80,68,87,66,81,79,81,69,80,69,78,75,77,75,8,8,15,11,8
342,Dani García,Midfielder,28,"5'11""",176,81,€16M,55,51,46,84,52,66,61,57,79,81,56,35,67,72,72,74,65,88,75,58,88,82,60,74,58,71,72,81,77,6,14,14,6,11
343,A. Correa,Striker,23,"5'7""",150,81,€24.5M,74,82,67,74,79,87,82,65,65,87,87,82,87,82,83,80,50,74,63,83,41,48,79,78,55,74,58,53,44,13,10,9,8,16
344,João Mário,Midfielder,25,"5'10""",161,81,€22.5M,77,64,55,83,69,83,74,67,78,83,73,69,81,73,77,76,64,79,68,72,60,72,77,81,66,82,57,70,62,6,15,8,8,8
345,J. Brandt,Midfielder,22,"6'1""",185,81,€25M,77,77,42,81,66,87,72,59,68,85,78,84,82,80,78,80,63,73,69,78,42,29,78,82,54,69,38,20,24,11,16,11,8,9
346,Samu Castillejo,Midfielder,23,"6'0""",148,81,€23M,80,76,43,80,58,84,78,75,76,82,85,86,83,82,78,78,63,55,50,72,48,50,80,80,59,71,45,43,25,13,16,15,8,14
347,Ricardo Pereira,Midfielder,24,"5'9""",154,81,€18.5M,81,62,64,80,56,83,78,45,78,79,88,87,82,81,77,68,74,84,60,62,75,81,75,76,60,81,76,83,76,16,12,15,11,11
348,R. Guerreiro,Midfielder,24,"5'7""",157,81,€22.5M,85,75,52,84,79,83,84,82,77,84,82,68,88,83,86,79,63,74,49,82,69,84,77,79,44,78,67,70,77,12,6,8,11,8
349,A. Doucouré,Midfielder,25,"6'0""",168,81,€19.5M,68,73,66,82,68,78,41,42,74,80,63,70,60,77,69,84,72,93,81,75,78,82,73,77,54,74,79,83,75,15,12,12,15,14
350,Gerard Moreno,Striker,26,"5'11""",170,81-1,€22M,61,78,80,75,79,78,69,56,56,80,76,79,70,81,69,80,73,77,74,77,55,40,83,58,75,72,43,41,41,15,12,7,12,10
351,M. Ginter,Midfielder,24,"6'2""",183,81,€18.5M,68,55,85,77,53,62,44,42,71,72,55,69,55,79,49,74,65,74,82,46,69,80,55,69,67,71,83,84,77,12,10,6,8,10
352,A. Plea,Striker,25,"5'11""",174,81,€22M,78,82,73,76,81,78,78,74,68,79,78,77,79,81,78,83,75,82,77,81,63,39,83,78,65,76,29,40,30,11,15,16,12,15
353,M. Nastasić,Defender,25,"6'2""",183,81,€18.5M,46,30,77,73,32,43,72,68,69,65,65,77,65,80,59,44,81,62,78,22,78,78,30,55,52,80,83,83,87,11,16,11,15,13
354,M. Sabitzer,Midfielder,24,"5'10""",170,81,€22.5M,70,79,56,79,78,79,74,63,67,81,83,77,75,85,79,86,75,84,76,81,70,55,81,79,65,75,58,55,51,11,13,14,15,13
355,B. Mendy,Defender,23,"6'1""",187,81,€20M,87,33,65,80,31,80,80,34,69,79,77,86,68,80,70,79,71,81,81,65,75,79,77,76,50,79,78,79,81,7,7,9,15,9
356,C. Kramer,Midfielder,27,"6'3""",168,81,€17M,61,46,58,80,58,71,54,51,72,81,52,52,66,85,54,54,51,93,69,42,78,81,70,73,47,78,80,80,76,8,13,9,6,8
357,S. Vrsaljko,Defender,26,"5'11""",168,81,€15M,82,44,73,77,53,74,70,57,70,79,78,79,67,79,72,75,85,87,73,58,75,80,65,68,52,67,79,81,77,15,11,10,10,12
358,S. Zaza,Striker,27,"6'1""",185,81,€21M,52,80,79,71,81,77,71,56,45,79,77,79,76,78,69,85,89,76,88,72,87,40,83,66,79,72,54,42,50,7,13,9,7,9
359,J. Roussillon,Midfielder,25,"5'9""",176,81+1,€18M,81,64,71,77,57,79,75,56,70,79,87,85,77,76,78,75,73,84,77,65,75,77,71,71,51,75,75,84,79,9,7,13,8,15
360,G. Kondogbia,Midfielder,25,"6'2""",176,81,€22M,65,69,75,81,62,78,62,56,79,83,69,76,76,83,67,86,81,78,91,80,82,79,77,79,45,82,78,82,82,15,10,10,8,10
361,F. Ghoulam,Defender,27,"6'0""",176,81,€14.5M,85,54,70,79,52,79,77,68,74,80,71,82,72,79,62,80,73,88,68,69,74,76,69,69,76,75,79,81,80,12,7,8,8,13
362,J. Iličić,Midfielder,30,"6'3""",174,81,€17M,78,78,58,82,80,83,77,84,74,87,67,70,70,80,56,87,33,64,74,87,58,46,80,82,78,80,53,32,26,13,13,8,12,6
363,K. Volland,Striker,25,"5'10""",187,81,€22M,78,81,67,81,77,79,79,76,67,81,78,77,73,82,84,85,78,88,82,81,78,45,81,81,72,80,22,50,33,8,7,9,7,12
364,N. Schulz,Defender,25,"5'11""",172,81,€17M,83,48,54,78,49,79,59,42,70,78,89,86,76,79,73,65,60,79,76,40,72,74,73,67,56,76,74,76,77,13,9,15,7,14
365,L. Digne,Defender,24,"5'10""",163,81,€18.5M,82,52,70,81,45,77,78,82,71,82,76,75,68,79,79,79,84,81,70,71,75,81,69,72,60,76,77,80,82,6,12,9,6,13
366,Vitolo,Midfielder,28,"6'1""",174,81,€18M,78,77,65,79,75,84,76,62,80,83,79,77,74,80,63,77,70,80,81,73,61,25,80,78,74,70,68,21,23,11,16,8,14,16
367,G. Xhaka,Midfielder,25,"6'1""",181,81,€22M,73,49,62,86,50,70,75,77,85,80,47,49,49,76,61,90,32,81,77,79,92,71,75,81,63,74,66,72,68,7,8,11,7,13
368,D. Tadić,Striker,29,"5'11""",168,81,€17.5M,83,77,63,81,73,85,83,76,77,86,69,68,82,79,80,69,64,69,62,65,56,31,75,85,75,83,46,34,26,11,11,14,9,16
369,C. Aránguiz,Midfielder,29,"5'7""",154,81,€17M,78,64,53,85,68,75,75,76,83,82,76,60,80,76,85,80,61,87,63,75,80,74,75,81,76,76,74,71,72,15,7,12,8,13
370,S. Verdi,Midfielder,25,"5'7""",134,81,€19.5M,82,67,42,82,74,84,84,84,76,86,88,86,92,78,90,81,51,75,48,77,48,36,76,82,68,78,55,48,60,12,10,7,15,9
371,D. Lovren,Defender,28,"6'2""",185,81,€16M,59,33,80,69,42,63,26,18,66,67,54,55,50,75,41,63,81,68,82,34,87,81,21,56,52,70,77,83,85,14,14,13,10,7
372,J. Corona,Defender,25,"5'8""",137,81,€21M,75,74,67,76,75,91,85,67,68,84,87,79,90,82,87,66,72,74,39,67,60,57,80,77,68,85,58,53,44,11,6,10,14,9
373,A. Areola,GoalKeeper,25,"6'5""",207,81,€17M,20,19,14,41,16,12,16,16,32,22,54,52,53,77,58,25,59,28,80,14,26,23,17,45,25,64,11,18,12,83,78,77,77,84
374,K. Vogt,Defender,26,"6'4""",187,81,€17.5M,60,50,79,79,51,67,50,62,83,71,66,82,59,78,47,78,54,74,85,57,81,82,55,67,53,78,82,80,78,6,13,8,7,14
375,M. Götze,Midfielder,26,"5'9""",165,81,€22.5M,78,77,53,87,86,85,81,72,82,90,75,66,83,85,85,74,58,77,71,66,58,65,83,86,77,85,63,53,57,14,7,12,6,10
376,Ander Herrera,Midfielder,28,"6'0""",154,81,€17.5M,75,71,60,82,65,77,80,65,78,82,75,68,78,84,78,75,61,87,67,69,88,87,75,78,78,82,81,83,79,9,12,15,9,8
377,J. Pastore,Striker,29,"6'2""",172,81,€17M,77,70,61,85,78,86,83,69,81,86,69,69,79,75,63,78,49,55,64,74,65,69,78,86,73,80,45,59,51,14,9,6,10,12
378,E. Salvio,Striker,27,"5'8""",170,81,€18.5M,78,77,73,75,72,85,79,64,72,84,90,87,82,80,76,80,87,85,63,76,69,60,83,76,75,81,49,60,56,9,11,9,5,14
379,S. El Shaarawy,Striker,25,"5'10""",159,81,€21M,75,78,51,74,83,84,83,63,57,86,87,88,85,72,81,74,60,68,54,74,54,36,78,73,67,72,59,30,25,5,3,5,5,3
380,Muniain,Striker,25,"5'7""",139,81,€21M,73,76,43,80,63,87,76,69,67,84,84,75,90,81,94,61,73,66,46,72,66,45,79,79,61,82,58,55,34,10,5,5,13,12
381,Hulk,Striker,31,"5'11""",187,81,€15.5M,76,81,69,78,73,82,78,81,72,79,81,80,69,82,59,94,69,86,92,90,83,48,82,75,78,75,50,41,28,6,10,7,11,12
382,K. Trapp,GoalKeeper,27,"6'2""",190,81,€14M,13,13,11,25,12,10,14,12,12,24,45,52,42,80,37,22,75,45,73,13,30,22,12,46,17,62,15,14,10,80,74,77,82,84
383,S. Nzonzi,Midfielder,29,"6'5""",165,81,€14M,59,50,78,82,55,70,73,40,72,81,44,53,36,80,31,65,75,83,92,57,82,83,70,73,57,85,81,80,76,7,16,16,16,13
384,F. Smolov,Striker,28,"6'2""",176,81,€18.5M,56,84,70,77,79,77,78,69,62,78,88,85,75,74,66,80,67,74,75,81,67,32,84,75,74,73,26,28,24,16,9,16,15,10
385,L. Stindl,Striker,29,"5'11""",176,81,€18M,76,79,64,85,86,78,79,69,69,83,74,67,70,84,78,81,73,78,69,83,74,60,84,83,80,83,59,61,50,7,10,13,11,12
386,C. Stuani,Striker,31,"6'1""",159,81,€16M,68,83,87,74,75,78,66,57,65,79,69,69,65,81,62,79,83,81,78,76,81,36,82,69,85,77,45,49,42,16,14,9,16,8
387,L. Fejsa,Midfielder,29,"6'0""",176,81,€14M,50,49,73,77,53,68,43,57,73,72,52,55,57,77,58,73,73,90,78,62,91,84,50,62,56,75,82,83,77,14,12,13,11,14
388,F. Muslera,GoalKeeper,32,"6'3""",163,81,€10M,15,10,12,44,10,25,14,10,47,23,60,62,68,76,62,25,84,45,68,10,32,23,13,58,24,53,12,16,16,81,75,75,81,83
389,B. Höwedes,Defender,30,"6'2""",170,81,€13M,58,51,83,72,45,59,38,52,64,65,52,52,60,81,61,57,78,64,78,31,78,81,51,57,56,84,82,83,81,14,6,9,10,7
390,S. Kjær,Defender,29,"6'2""",185,81,€14M,54,55,82,73,37,46,52,69,69,71,56,65,40,73,58,78,70,76,80,41,75,79,31,49,61,69,83,82,78,6,10,13,10,15
391,S. Bender,Midfielder,29,"6'1""",179,81,€14M,43,39,75,74,54,58,33,30,69,60,65,72,63,78,61,73,73,83,77,62,82,82,49,65,34,81,83,86,88,13,7,8,14,15
392,K. Boateng,Striker,31,"6'1""",190,81,€15M,75,78,74,82,83,79,81,71,78,84,67,65,77,79,68,84,76,68,78,78,83,71,79,78,67,82,59,78,74,6,11,15,16,6
393,L. Piszczek,Defender,33,"6'0""",174,81,€7M,82,64,74,76,64,72,80,47,69,76,74,83,66,81,66,78,77,77,78,69,83,83,73,71,65,82,81,83,79,14,11,14,6,12
394,E. Lamela,Midfielder,26,"6'0""",176,81,€21M,78,74,69,83,77,86,83,80,73,84,76,74,75,78,74,81,63,78,68,82,84,45,79,83,75,78,48,51,42,10,15,11,8,13
395,D. Rose,Defender,27,"5'9""",168,81,€14.5M,82,57,62,76,64,80,64,57,66,77,80,78,72,82,76,68,75,82,72,67,87,81,68,73,57,76,77,83,84,10,11,8,13,13
396,C. Vela,Striker,29,"5'10""",170,81,€17.5M,77,81,70,81,82,83,81,71,66,83,78,80,81,78,81,74,68,74,67,80,57,37,81,81,72,80,31,22,14,8,14,8,13,10
397,Renato Augusto,Midfielder,30,"6'1""",190,81,€16.5M,75,65,57,81,77,82,80,75,81,81,66,67,66,81,66,81,49,81,76,81,58,72,75,81,68,68,75,73,64,6,11,16,15,8
398,L. Fabiański,GoalKeeper,33,"6'3""",183,81,€9M,14,13,11,20,17,14,18,12,32,22,50,47,52,71,44,14,68,25,65,20,43,16,15,52,22,63,14,12,13,79,83,70,80,84
399,B. Gomis,Striker,32,"6'0""",170,81,€14M,61,84,84,75,79,78,61,62,46,79,69,70,59,78,58,84,74,68,83,75,52,38,79,71,83,82,22,32,35,14,11,9,9,13
400,Santi Cazorla,Midfielder,33,"5'6""",143,81+1,€10.5M,85,70,58,85,72,82,86,78,82,87,60,55,70,76,84,77,53,66,59,75,64,64,76,86,80,88,65,63,53,6,9,5,7,15
401,Jesús Navas,Defender,32,"5'7""",132,81,€14M,83,64,55,76,75,81,82,46,73,81,89,88,87,81,87,75,65,82,35,70,63,69,81,75,56,70,62,61,62,10,10,15,7,13
402,Nani,Striker,31,"5'10""",154,81,€15.5M,80,72,62,80,76,87,86,79,77,86,76,73,91,77,77,85,42,74,62,83,61,31,74,80,72,82,53,22,20,5,10,13,6,6
403,J. Milner,Defender,32,"5'9""",154,81,€13.5M,86,62,66,84,76,76,81,75,81,79,63,62,69,84,73,82,62,91,71,70,82,79,72,79,86,86,74,80,79,1,1,1,1,1
404,David Villa,Striker,36,"5'9""",152,81,€6.5M,71,85,67,76,79,82,83,80,67,83,71,66,71,82,73,81,67,68,65,79,67,29,86,75,88,83,30,28,38,8,9,9,11,9
405,J. Mathieu,Defender,34,"6'2""",185,81,€5.5M,79,52,80,73,61,65,82,79,77,62,68,74,52,74,43,80,65,78,89,74,72,82,58,58,72,76,86,84,82,13,14,10,9,5
406,Joaquín,Midfielder,36,"5'10""",165,81,€6M,86,80,59,83,68,85,86,77,84,83,72,66,72,82,72,74,33,54,65,76,53,35,81,85,75,80,41,47,39,9,14,6,10,11
407,M. Gómez,Striker,21,"6'1""",185,80,€20.5M,56,85,81,76,76,76,68,53,58,77,61,65,45,77,53,79,73,71,80,76,65,21,83,60,67,77,35,20,23,7,8,13,12,6
408,T. Ndombele,Midfielder,21,"5'11""",168,80,€22.5M,67,59,56,83,59,86,67,63,79,84,84,76,83,80,84,80,63,78,78,70,81,73,70,79,60,84,66,73,69,8,10,13,8,7
409,H. Aouar,Midfielder,20,"5'9""",154,80,€23.5M,68,72,54,84,68,84,78,59,78,82,79,79,81,78,81,61,61,79,61,67,69,66,73,84,63,82,64,64,63,14,6,11,7,10
410,Carlos Soler,Midfielder,21,"5'11""",168,80,€21M,79,74,56,84,66,80,69,82,77,82,75,77,75,80,73,77,59,78,65,73,49,68,76,83,73,76,60,65,56,6,14,7,13,11
411,Odriozola,Defender,22,"5'9""",146,80,€18.5M,81,45,73,77,48,69,69,30,70,77,80,82,78,77,79,58,71,80,63,59,63,75,68,63,62,69,83,79,80,11,12,10,5,14
412,Richarlison,Midfielder,21,"5'11""",157,80,€21M,69,79,75,75,64,84,71,65,59,80,83,86,78,78,74,80,80,78,77,64,82,35,79,72,69,78,46,44,36,12,7,8,11,13
413,Welington Dano,Midfielder,30,"5'10""",152,80,€10.5M,82,51,69,78,47,77,83,52,71,78,78,80,83,80,81,55,71,89,68,53,69,77,72,75,61,82,70,77,81,16,15,15,7,7
414,Everton Andrão,Midfielder,34,"5'10""",165,80,€4.5M,75,58,59,78,58,75,48,73,75,77,69,68,78,78,77,72,67,89,71,64,81,79,54,73,61,68,80,81,77,9,9,14,15,8
415,Oyarzabal,Striker,21,"5'11""",172,80,€21M,81,78,44,80,64,84,69,71,73,85,72,75,70,81,70,73,58,72,59,79,42,29,80,79,52,70,50,32,30,10,6,10,13,11
416,André Silva,Striker,22,"6'1""",174,80,€21M,59,83,77,69,79,77,69,33,58,80,77,78,77,81,72,76,84,77,74,60,76,55,84,68,80,75,28,40,35,14,13,7,11,8
417,F. Balbuena,Defender,26,"6'2""",187,80,€15.5M,33,31,82,71,24,47,30,34,56,56,56,65,42,77,42,71,73,76,84,34,82,80,27,45,48,74,82,82,76,9,13,15,9,15
418,A. Onana,GoalKeeper,22,"6'2""",205,80,€14.5M,15,12,20,33,13,26,30,17,26,38,64,62,68,78,53,21,80,39,67,17,29,15,11,62,27,57,12,18,14,83,79,85,75,80
419,N. Pépé,Striker,23,"6'0""",161,80+1,€22M,69,80,57,72,68,85,79,65,63,81,90,91,90,79,79,80,68,78,61,73,43,25,78,80,85,78,28,27,25,11,14,11,6,8
420,S. Bergwijn,Striker,20,"5'10""",172,80,€20.5M,73,74,55,76,67,87,76,66,53,84,88,89,79,71,89,78,71,78,79,74,44,30,77,75,59,76,47,31,26,11,14,12,14,13
421,M. Acuña,Midfielder,26,"5'8""",152,80,€14M,87,65,63,78,68,85,87,78,76,83,79,75,84,78,86,83,69,90,84,84,88,76,75,78,74,87,78,80,75,8,14,13,13,14
422,J. Weigl,Defender,22,"6'1""",159,80,€16.5M,58,41,63,85,56,74,63,46,83,79,72,55,77,80,65,48,68,78,61,52,64,84,56,77,52,81,78,79,76,6,14,16,11,7
423,Mariano,Striker,24,"5'11""",168,80,€20M,50,81,82,69,70,75,76,76,51,72,84,85,79,82,72,85,92,81,79,82,86,45,79,63,75,68,41,40,34,12,14,6,8,15
424,Raúl,Defender,28,"6'2""",179,80,€13.5M,56,50,86,68,49,56,37,43,62,60,52,51,59,77,52,67,85,75,85,54,88,81,46,53,51,75,78,82,76,10,9,7,13,12
425,M. Caldara,Defender,24,"6'2""",176,80,€17.5M,34,36,82,63,51,62,20,24,58,63,65,69,58,77,59,38,76,67,79,20,76,82,34,32,30,74,85,84,80,14,9,6,9,5
426,A. Rebić,Midfielder,24,"6'1""",172,80+1,€19.5M,74,79,71,73,83,84,75,58,57,80,84,86,75,78,68,84,66,79,83,79,84,29,78,70,63,75,20,50,25,13,15,12,13,14
427,M. Vecino,Midfielder,26,"6'2""",179,80,€14.5M,71,61,75,83,62,84,64,58,79,84,74,69,66,83,56,78,67,81,75,77,72,76,74,81,56,81,76,77,73,4,4,4,4,4
428,M. Dahoud,Midfielder,22,"5'10""",150,80,€19.5M,67,59,43,83,59,85,68,53,78,83,78,67,87,79,84,81,76,89,58,74,68,79,66,81,55,60,72,64,59,14,7,9,12,11
429,Rafa,Striker,25,"5'8""",146,80,€18.5M,77,68,46,75,64,86,76,56,64,84,91,93,88,81,89,75,58,78,40,61,41,43,79,77,59,77,23,38,31,9,11,11,12,8
430,J. Seri,Midfielder,26,"5'7""",161,80,€17M,72,69,60,86,47,75,81,81,84,84,75,64,85,73,79,78,64,75,59,76,69,71,72,81,67,81,69,72,65,14,13,9,10,12
431,Williams,Striker,24,"6'1""",174,80,€20.5M,78,79,70,76,74,83,54,53,66,76,92,94,80,78,62,85,86,75,85,76,66,21,76,73,64,71,52,38,31,14,15,14,10,13
432,K. Baldé,Midfielder,23,"5'11""",176,80,€20M,75,78,58,76,68,83,70,52,64,85,92,92,82,76,78,78,67,73,76,74,54,31,77,72,60,79,17,29,28,12,8,13,8,15
433,G. Rulli,GoalKeeper,26,"6'2""",185,80,€14M,12,15,12,32,16,14,19,20,23,15,54,48,58,76,50,24,65,42,73,17,26,21,12,58,24,61,15,13,17,83,76,74,77,83
434,F. Armani,GoalKeeper,31,"6'2""",194,80,€9M,18,11,19,34,18,19,14,16,21,32,40,40,40,78,34,25,65,28,82,17,35,21,18,55,20,51,10,13,18,78,75,70,81,86
435,A. Christensen,Defender,22,"6'2""",179,80,€18M,49,36,80,77,25,66,32,22,71,73,66,70,61,78,61,31,72,69,73,20,73,82,32,62,36,77,80,85,82,10,12,8,6,8
436,Rony Lopes,Striker,22,"5'9""",150,80,€20M,78,79,38,79,56,83,76,74,72,83,83,76,84,78,86,76,51,70,56,74,39,29,78,77,65,74,30,28,27,11,10,12,12,11
437,Santi Mina,Striker,22,"5'11""",170,80,€20M,73,82,77,69,72,81,69,55,65,80,77,81,78,79,75,80,75,76,73,74,69,55,83,65,67,69,51,46,49,9,8,14,8,15
438,Gayà,Defender,23,"5'8""",146,80,€16.5M,82,61,52,81,58,77,80,49,75,81,86,87,79,82,83,62,54,83,61,59,73,74,74,72,52,76,72,78,80,13,10,9,12,9
439,André Gomes,Midfielder,24,"6'2""",185,80,€19M,61,65,69,82,63,80,82,67,81,78,68,62,67,77,64,80,58,76,86,71,81,74,74,82,55,78,75,75,64,12,9,6,14,8
440,N. Tagliafico,Defender,25,"5'8""",143,80,€15M,75,57,73,75,38,74,61,40,67,74,85,86,79,78,79,66,90,91,63,44,78,77,67,68,46,76,80,78,79,13,9,10,15,16
441,M. Sanson,Midfielder,23,"5'11""",161,80,€19.5M,78,73,69,80,70,76,73,70,84,79,77,74,79,79,69,77,75,79,76,74,68,75,77,78,68,78,65,73,76,6,16,16,9,9
442,E. Hysaj,Defender,24,"6'0""",154,80,€16.5M,75,47,66,77,40,73,40,30,70,77,79,82,76,79,69,68,69,87,69,43,79,80,63,59,40,76,77,81,80,12,6,14,9,11
443,J. Quintero,Striker,25,"5'6""",148,80,€18M,76,72,48,80,67,84,84,82,77,84,74,72,90,73,91,84,55,51,38,78,43,35,67,86,73,80,48,30,22,14,16,10,7,12
444,Pacheco,GoalKeeper,26,"6'1""",179,80,€13M,12,16,10,24,13,13,20,20,27,14,48,42,62,77,51,21,72,43,72,15,27,26,14,45,23,59,17,16,13,79,77,68,81,81
445,Fred,Midfielder,25,"5'7""",141,80,€18M,67,74,55,81,70,79,70,72,78,82,77,79,84,80,87,76,83,84,61,74,73,80,69,75,65,82,76,78,69,7,16,15,11,15
446,N. Aké,Defender,23,"5'11""",165,80,€16.5M,63,45,74,77,52,67,62,59,73,73,75,74,68,79,69,63,86,73,77,56,73,79,53,65,48,72,81,82,80,10,7,7,16,10
447,E. Can,Midfielder,24,"6'0""",181,80,€19.5M,70,60,72,81,61,76,68,65,80,81,69,73,73,78,71,81,76,85,83,75,85,81,73,79,60,74,82,81,80,14,8,8,13,11
448,H. Çalhanoğlu,Midfielder,24,"5'10""",168,80,€19M,81,65,53,83,77,85,92,90,80,86,73,69,78,78,77,86,46,76,54,88,57,61,75,80,71,78,62,56,56,9,14,11,6,10
449,Y. Poulsen,Striker,24,"6'4""",172,80,€18.5M,69,78,85,75,75,75,71,43,48,75,79,79,75,81,55,74,84,87,79,59,84,48,82,65,59,68,55,59,33,6,11,15,14,8
450,C. Bacca,Striker,31,"5'11""",170,80,€13.5M,60,80,75,68,77,78,69,58,55,78,73,75,70,80,77,78,74,66,74,60,58,34,90,68,80,76,40,16,14,12,12,8,5,8
451,L. Paredes,Midfielder,24,"5'11""",165,80,€19.5M,76,55,60,84,73,78,79,78,82,82,75,69,77,74,77,82,61,79,69,80,79,72,74,82,57,74,73,75,72,9,14,6,9,10
452,Manu Trigueros,Midfielder,26,"5'10""",165,80-1,€17M,72,69,74,80,63,77,78,69,80,80,67,64,72,78,72,77,71,73,63,79,69,69,77,82,65,73,69,73,62,9,14,12,7,8
453,T. Stepanenko,Midfielder,28,"5'11""",168,80,€12M,63,53,69,81,56,64,60,45,77,78,71,64,60,78,73,75,71,82,76,70,88,82,54,69,52,81,79,79,77,15,13,9,14,9
454,L. Shaw,Defender,22,"5'11""",165,80,€16.5M,82,47,73,78,54,82,70,58,68,80,83,85,74,78,74,65,75,77,75,50,78,77,74,71,53,75,78,80,78,10,12,13,7,7
455,B. Davies,Defender,25,"6'0""",168,80,€15M,82,58,67,79,48,76,72,48,70,78,76,74,70,78,68,65,73,85,69,52,76,79,71,75,54,74,78,83,80,11,7,6,7,14
456,Bernard,Striker,25,"5'5""",132,80,€17.5M,78,71,59,76,68,83,73,69,68,84,94,86,94,80,96,76,61,69,34,65,41,42,72,77,57,71,31,39,25,6,11,13,10,12
457,T. Inui,Striker,30,"5'7""",139,80,€14M,77,71,41,76,68,88,85,65,70,83,88,77,94,76,93,72,63,76,49,77,49,44,73,74,51,76,65,39,31,11,12,11,15,8
458,Portu,Striker,26,"5'10""",154,80,€17.5M,63,81,72,83,72,82,67,64,78,83,85,80,79,67,72,77,71,83,71,75,76,68,80,77,53,69,50,61,59,14,10,15,15,13
459,M. Batshuayi,Striker,24,"6'1""",172,80,€19M,65,82,75,64,83,78,66,46,36,80,77,76,75,79,76,81,80,66,78,75,63,23,84,62,67,81,37,26,22,9,10,16,7,15
460,Iñigo Martínez,Defender,27,"6'0""",170,80,€14M,51,42,73,71,37,53,72,51,81,70,71,74,67,75,64,81,90,71,80,74,84,81,48,46,39,69,78,80,83,12,16,11,13,11
461,E. Zahavi,Striker,30,"6'0""",157,80,€14.5M,60,83,68,78,77,81,74,78,69,83,73,72,88,78,72,79,74,74,68,76,68,38,82,81,65,74,30,41,34,13,12,13,8,16
462,T. Vaclík,GoalKeeper,29,"6'2""",187,80,€11.5M,15,14,19,17,13,14,17,16,38,20,34,35,32,76,53,20,70,35,73,16,29,22,15,68,13,60,19,18,18,82,72,74,82,85
463,Héctor Bellerín,Defender,23,"5'10""",163,80,€16.5M,76,52,60,76,41,77,63,50,59,78,94,91,82,78,77,52,63,84,58,43,72,78,67,66,62,70,75,78,80,8,14,14,13,12
464,P. Kadeřábek,Midfielder,26,"6'0""",179,80,€14M,86,28,71,77,57,76,57,52,69,77,78,78,66,82,66,66,69,86,79,41,78,72,72,68,54,78,72,79,76,10,11,14,13,7
465,J. Butland,GoalKeeper,25,"6'5""",209,80,€14M,11,16,12,40,12,21,12,14,30,36,58,55,55,73,50,29,76,40,79,13,40,27,16,40,42,62,23,13,11,82,75,70,79,84
466,E. Dier,Midfielder,24,"6'2""",198,80,€16.5M,67,52,82,77,51,65,60,74,78,70,62,68,52,78,38,82,77,78,89,72,91,81,53,67,70,77,82,81,83,11,14,6,13,9
467,J. Murillo,Defender,26,"6'0""",172,80,€16M,56,37,76,68,54,58,38,26,62,64,75,76,77,73,72,68,89,72,80,13,88,81,45,54,46,73,77,80,82,14,13,8,11,14
468,C. Tătăruşanu,GoalKeeper,32,"6'5""",190,80,€8.5M,13,15,15,37,11,16,11,11,37,19,50,47,51,74,38,14,66,42,73,12,33,26,13,48,16,45,12,15,12,81,77,76,79,83
469,A. Mandi,Defender,26,"6'0""",172,80,€15.5M,78,41,83,79,49,66,67,49,75,74,67,68,78,78,65,52,82,69,74,49,69,84,67,68,35,74,79,82,84,15,16,9,10,14
470,Ismaily,Defender,28,"5'10""",181,80,€11.5M,80,60,59,81,55,83,65,50,67,81,84,80,72,81,82,75,59,88,75,73,63,79,82,71,51,79,77,74,75,8,8,14,11,10
471,Cristian Tello,Midfielder,26,"5'10""",143,80,€16M,78,74,47,77,75,82,81,72,70,81,92,89,82,72,79,79,72,73,58,71,48,33,74,74,56,71,55,30,26,15,12,9,7,13
472,Ibai Gómez,Midfielder,28,"5'10""",159,80,€15M,79,79,47,77,75,82,85,81,78,81,79,77,79,75,78,83,66,75,66,79,63,45,78,80,65,67,73,58,55,14,8,13,7,11
473,D. Vida,Defender,29,"6'0""",168,80,€11.5M,65,41,79,66,36,53,44,35,60,66,70,80,64,75,63,54,79,76,77,22,83,81,43,50,51,78,85,79,83,16,13,10,9,8
474,L. Muriel,Striker,27,"5'10""",174,80,€17.5M,62,78,65,75,75,85,77,60,55,83,86,89,85,79,80,80,62,74,77,65,50,16,81,73,74,75,26,24,22,8,10,10,14,6
475,V. Aboubakar,Striker,26,"6'0""",181,80,€17.5M,57,80,77,75,81,81,80,67,68,80,76,83,72,76,63,81,78,82,85,75,77,33,80,81,76,86,44,23,19,8,10,9,7,8
476,M. Ryan,GoalKeeper,26,"6'0""",181,80,€13M,23,11,14,40,15,13,23,12,45,24,53,52,53,73,50,35,78,34,68,18,36,23,10,68,25,64,10,20,17,81,75,82,78,83
477,A. Oxlade-Chamberlain,Midfielder,24,"5'9""",154,80,€19.5M,78,69,39,80,58,84,73,60,75,84,84,85,81,78,88,80,69,82,72,76,77,72,79,81,69,77,67,70,66,16,9,6,9,9
478,J. Guilavogui,Midfielder,27,"6'2""",170,80+1,€14M,52,49,85,78,49,63,42,53,75,74,65,72,53,79,50,78,76,77,82,66,81,83,61,67,50,75,80,82,82,14,8,14,10,15
479,S. Aurier,Defender,25,"5'9""",168,80,€15.5M,83,54,75,78,47,76,69,30,72,79,79,78,73,81,76,71,94,77,74,58,86,79,72,71,64,75,75,81,82,7,10,15,16,9
480,J. Matip,Defender,26,"6'4""",198,80,€15M,54,36,82,77,50,65,63,22,74,69,55,69,55,78,47,66,66,73,77,48,75,83,51,72,42,75,80,84,78,11,15,10,7,10
481,Sergi Enrich,Striker,28,"5'11""",170,80,€15.5M,70,80,81,79,82,76,55,47,61,81,63,65,70,82,67,77,81,80,83,70,66,42,84,72,68,74,31,46,31,8,8,8,14,6
482,A. Yarmolenko,Striker,28,"6'3""",183,80,€15M,80,77,69,78,74,86,83,75,74,83,69,76,73,82,67,83,61,60,76,83,76,54,79,78,85,74,37,35,30,9,5,6,5,14
483,André Almeida,Defender,27,"6'1""",176,80,€12M,80,54,74,78,45,75,77,42,75,79,65,66,66,82,60,70,77,84,78,67,81,81,66,69,43,77,82,82,79,14,6,7,12,8
484,D. Didavi,Midfielder,28,"5'11""",170,80,€15M,75,80,58,80,73,81,78,75,75,83,70,65,75,81,73,88,76,64,76,87,70,51,82,74,65,79,36,59,49,12,11,10,14,6
485,G. Pezzella,Defender,27,"6'1""",179,80,€14.5M,40,48,82,64,40,54,46,25,56,66,60,58,34,77,48,54,82,63,82,50,82,80,47,22,35,72,78,82,78,7,9,13,10,15
486,R. Rodríguez,Defender,25,"5'11""",170,80,€15.5M,86,59,64,78,67,76,82,84,78,78,73,73,73,80,70,78,73,77,75,72,75,80,68,74,83,80,80,78,78,14,13,14,14,11
487,R. Pereyra,Midfielder,27,"6'0""",170,80,€15.5M,78,74,60,82,73,84,78,72,75,84,75,76,75,74,73,68,65,77,63,74,66,70,76,80,72,78,50,64,70,4,5,3,4,8
488,Maicon,Defender,29,"6'3""",196,80,€11.5M,70,40,83,67,29,55,70,74,75,60,52,60,33,66,45,85,71,70,90,67,88,79,44,52,52,71,82,82,76,15,11,14,10,6
489,D. Blind,Midfielder,28,"5'11""",159,80,€13.5M,81,46,72,83,62,73,84,62,83,80,62,53,72,84,75,70,72,83,74,64,72,83,66,76,56,82,78,81,77,12,9,10,14,10
490,J. Zoet,GoalKeeper,27,"6'2""",194,80,€12.5M,17,12,19,37,19,15,13,20,38,34,57,45,54,77,42,25,57,40,66,17,18,21,11,57,27,61,25,18,16,79,77,77,79,83
491,Iago Falqué,Striker,28,"5'9""",152,80,€15M,78,75,53,82,69,84,80,75,74,85,79,76,85,78,85,70,36,74,53,75,48,26,80,78,77,78,54,36,32,15,5,14,13,7
492,C. Smalling,Defender,28,"6'4""",179,80,€12M,52,54,82,63,49,59,49,22,63,58,61,74,55,75,45,42,76,71,87,35,82,80,48,49,52,67,80,82,80,10,15,16,15,15
493,L. de Jong,Striker,27,"6'2""",190,80,€16M,66,79,93,76,83,66,63,66,64,76,53,57,58,81,60,84,81,83,84,69,52,38,84,69,65,77,44,43,37,16,10,8,8,11
494,Guaita,GoalKeeper,31,"6'3""",176,80,€9M,35,11,20,39,13,16,32,20,33,24,51,52,63,72,48,45,68,41,62,15,24,27,13,52,29,62,23,15,17,82,81,79,77,82
495,S. Kagawa,Striker,29,"5'9""",150,80,€14.5M,65,75,48,83,76,86,74,63,71,82,72,60,87,80,88,54,65,82,39,52,30,59,80,78,80,83,56,53,49,11,9,8,9,13
496,M. Lanzini,Midfielder,25,"5'6""",130,80,€18.5M,74,70,56,80,61,86,76,76,77,85,84,76,85,72,89,75,75,73,39,75,48,27,73,79,73,77,27,36,25,14,9,6,7,15
497,N. Nkoulou,Defender,28,"6'0""",170,80,€12M,60,33,77,72,64,68,37,28,70,72,72,74,68,76,74,58,83,68,78,46,76,80,54,63,50,78,80,82,78,6,7,6,15,7
498,Camacho,Defender,28,"6'0""",165,80,€13.5M,50,58,83,80,52,64,62,59,74,75,63,55,68,81,63,76,85,79,75,54,85,86,66,76,48,76,78,81,74,9,13,15,8,10
499,Y. M'Vila,Midfielder,28,"6'0""",176,80+1,€13.5M,62,56,61,83,56,73,70,67,81,76,74,69,73,78,65,68,71,81,75,67,83,82,59,72,68,80,75,76,72,13,9,16,15,7
500,S. Ulreich,GoalKeeper,29,"6'4""",185,80,€10M,14,12,8,41,13,13,12,15,38,22,41,40,36,79,39,24,66,29,41,11,25,14,8,42,22,45,16,18,14,79,72,69,80,86
501,M. Musacchio,Defender,27,"5'11""",161,80,€12.5M,55,40,76,69,36,65,53,45,67,67,69,71,73,76,68,57,83,68,76,53,76,84,50,64,57,76,84,84,80,5,11,12,6,12
502,O. Toprak,Defender,28,"6'1""",183,80,€13.5M,49,28,80,74,47,63,44,33,69,70,71,83,64,81,61,62,80,67,78,29,70,78,35,59,43,78,82,83,83,11,8,11,12,15
503,D. Perotti,Striker,29,"5'10""",154,80,€14.5M,79,66,57,80,60,88,72,64,69,88,83,76,83,78,78,73,64,73,60,71,51,36,78,82,90,81,58,31,22,5,8,14,6,8
504,A. Rami,Defender,32,"6'3""",198,80-1,€8.5M,36,45,75,66,45,56,43,55,68,68,52,67,54,73,54,77,76,79,91,58,78,78,24,44,48,73,79,80,76,5,3,5,5,3
505,A. Modeste,Striker,30,"6'2""",185,80,€14.5M,62,82,83,67,83,71,66,56,55,75,75,79,68,82,60,81,83,67,86,72,83,15,83,62,77,80,42,31,19,10,11,11,6,8
506,Sidnei,Defender,28,"6'2""",194,80+1,€12M,58,51,75,70,33,59,36,39,68,76,70,69,41,75,42,69,79,68,90,51,77,81,44,50,58,71,75,83,75,10,16,12,9,14
507,Alexandre Pato,Midfielder,28,"5'11""",179,80,€15.5M,68,80,69,75,75,81,81,70,53,80,84,85,83,78,69,76,78,67,72,73,63,29,79,66,74,74,35,23,19,16,7,13,15,8
508,Antunes,Defender,31,"5'9""",152,80,€9.5M,81,56,69,77,69,74,82,80,76,80,76,79,76,78,76,87,63,85,68,84,75,80,70,66,61,73,72,81,82,10,7,10,9,14
509,Nacho Monreal,Defender,32,"5'10""",159,80,€8M,76,55,72,77,58,73,74,52,61,77,72,67,70,82,73,74,74,72,65,61,77,81,66,66,61,76,80,83,81,7,5,9,3,5
510,Beñat,Midfielder,31,"5'10""",168,80,€12.5M,80,69,47,86,61,71,83,84,80,82,66,43,74,78,77,87,59,77,70,76,74,70,77,84,69,73,70,70,65,16,10,14,6,13
511,M. Valbuena,Midfielder,33,"5'6""",139,80,€9M,80,74,48,82,76,82,82,77,77,82,79,78,82,77,92,75,60,66,37,79,52,34,76,77,68,67,38,26,34,14,12,8,6,8
512,A. Fernández,Midfielder,32,"5'10""",161,80,€11M,70,69,59,81,57,78,65,61,80,81,69,71,75,80,79,74,59,75,73,73,80,77,78,81,62,81,68,76,64,9,13,6,16,9
513,K. Gameiro,Striker,31,"5'8""",154,80,€13.5M,69,78,67,79,77,74,74,70,69,78,85,84,79,80,77,82,84,70,64,73,66,38,83,75,81,80,50,33,39,6,10,8,8,6
514,I. Piatti,Striker,33,"5'11""",168,80,€9M,69,81,54,78,77,86,80,55,74,84,77,76,87,82,81,83,31,89,73,80,79,55,83,77,80,82,61,62,24,14,13,7,7,15
515,V. Birsa,Striker,31,"6'0""",179,80,€13M,78,62,60,82,73,84,78,78,76,86,70,74,68,76,68,84,68,69,77,83,55,49,75,82,76,80,68,52,40,3,5,5,5,3
516,Pedro León,Midfielder,31,"6'0""",161,80,€13M,91,76,36,81,76,83,87,85,85,85,63,63,68,75,73,84,34,65,63,80,55,43,78,82,71,71,50,46,36,11,12,10,15,16
517,Marcano,Defender,31,"6'2""",170,80,€10M,49,43,82,76,34,54,39,37,67,67,67,69,58,78,56,65,90,78,77,42,81,80,30,48,45,72,82,81,78,8,16,7,14,16
518,S. Romero,GoalKeeper,31,"6'4""",192,80,€9M,11,14,12,39,17,12,12,13,48,40,47,44,52,78,44,14,63,35,75,11,33,21,11,55,16,62,14,11,15,78,76,81,78,83
519,A. Candreva,Midfielder,31,"5'11""",154,80-1,€13M,81,73,55,78,75,80,74,71,73,83,75,78,74,78,76,87,35,86,69,82,66,67,79,77,83,73,61,63,53,10,4,14,4,14
520,D. Criscito,Defender,31,"6'0""",165,80,€10M,82,56,69,80,62,72,72,66,81,73,78,77,68,78,65,68,80,89,73,59,79,77,68,75,70,75,84,82,83,13,10,16,9,9
521,D. Valeri,Striker,32,"5'10""",165,80,€11.5M,78,80,70,79,75,78,80,81,76,82,61,60,72,80,73,85,68,82,63,84,53,36,84,82,79,83,39,40,30,15,15,8,10,12
522,Raúl García,Midfielder,31,"6'0""",183,80,€13M,78,79,90,79,55,78,72,68,80,83,52,57,62,86,64,85,76,78,82,86,84,69,85,80,79,83,69,74,63,14,16,14,16,15
523,M. Škrtel,Defender,33,"6'3""",179,80,€6M,39,35,83,68,43,46,33,27,67,57,49,62,49,72,52,46,73,76,86,35,82,79,33,28,39,71,77,82,78,15,5,7,6,11
524,S. Radu,Defender,31,"6'0""",174,80,€10M,67,55,70,71,51,66,45,48,67,69,70,68,70,78,67,79,65,69,74,74,75,85,55,60,57,76,86,86,85,9,12,12,6,13
525,Borja Valero,Midfielder,33,"5'9""",161,80,€9M,78,67,60,89,70,82,78,76,85,86,55,52,72,81,78,72,67,69,66,70,52,70,69,86,72,83,65,66,62,5,4,10,8,7
526,L. Perrin,Defender,32,"5'11""",176,80,€8.5M,65,55,81,74,44,62,59,51,77,73,59,60,63,76,72,65,81,71,78,61,77,83,58,63,68,80,77,84,82,6,7,12,11,14
527,Dante,Defender,34,"6'2""",187,80,€4.5M,58,47,80,74,44,57,51,55,76,74,38,41,52,76,64,64,65,62,81,53,74,79,41,62,57,78,80,82,80,14,8,10,6,13
528,Manuel Fernandes,Midfielder,32,"5'9""",165,80,€11.5M,77,70,62,80,69,86,79,70,72,83,83,76,82,76,76,81,74,72,71,82,68,68,75,77,73,77,62,69,68,14,14,9,16,8
529,A. Granqvist,Defender,33,"6'4""",185,80,€0,49,51,81,73,37,49,36,40,67,63,46,49,55,76,36,74,64,67,83,59,81,82,54,49,79,78,82,83,79,7,9,12,10,15
530,A. Gignac,Striker,32,"6'2""",201,80,€12M,72,83,78,71,78,73,77,70,68,72,71,68,66,78,59,84,72,71,90,79,80,51,81,72,78,80,33,41,23,10,15,14,11,11
531,I. Akinfeev,GoalKeeper,32,"6'1""",172,80,€8.5M,19,13,18,23,10,15,19,13,22,22,51,50,53,71,45,24,62,35,72,13,24,17,11,59,10,67,18,13,13,77,72,78,82,84
532,I. Denisov,Midfielder,34,"5'9""",154,80,€4.5M,66,61,63,82,60,73,62,54,74,78,67,65,77,76,76,71,70,85,64,63,88,80,64,74,62,77,81,81,73,13,7,15,13,12
533,Juanfran,Defender,33,"5'11""",157,80,€5.5M,81,54,59,77,49,75,80,59,66,78,74,83,74,82,63,68,68,80,74,53,78,76,68,72,66,74,75,81,80,11,14,10,15,7
534,Diego López,GoalKeeper,36,"6'5""",196,80,€2M,11,12,10,28,14,11,10,11,23,23,34,52,48,78,47,22,68,42,66,11,36,16,11,53,21,62,16,13,14,75,82,74,82,76
535,Raffael,Striker,33,"5'9""",152,80,€9.5M,78,78,63,83,83,87,79,77,76,85,69,61,83,81,83,77,70,62,62,74,66,45,82,81,72,79,43,42,31,12,10,5,13,14
536,J. Mascherano,Defender,34,"5'9""",161,80,€4.5M,63,42,66,79,51,58,63,50,75,80,69,62,72,79,78,76,80,76,72,55,88,85,51,68,60,81,78,81,82,6,10,8,5,5
537,L. López,Striker,35,"5'9""",159,80,€7M,66,85,79,72,74,78,78,73,70,80,77,83,84,77,80,77,84,77,75,75,61,52,82,72,82,84,35,58,34,8,10,11,13,6
538,Moyá,GoalKeeper,34,"6'2""",183,80,€6M,11,11,12,31,13,13,16,12,35,24,46,34,54,74,49,21,62,30,57,16,22,11,10,68,11,60,15,14,14,84,77,81,80,79
539,W. Rooney,Striker,32,"5'9""",183,80,€12M,73,80,75,81,83,74,84,83,82,80,65,65,66,82,77,85,74,74,78,80,81,56,80,82,81,86,57,55,40,10,11,13,8,7
540,S. Sorrentino,GoalKeeper,39,"6'1""",187,80,€1M,11,10,10,36,18,14,14,11,34,20,34,40,52,67,48,21,74,28,74,13,22,25,10,34,20,66,25,10,13,81,82,66,82,79
541,V. Tsygankov,Midfielder,20,"5'10""",152,79,€18M,76,75,45,80,68,80,68,71,69,81,82,83,77,78,73,70,50,74,47,72,57,39,75,80,61,79,66,36,37,9,7,15,6,12
542,Loren,Striker,24,"6'2""",181,79,€16.5M,40,83,76,76,73,79,60,53,35,81,71,71,62,78,60,79,70,67,70,80,42,11,75,63,77,70,55,12,16,7,13,13,15,6
543,Éder Militão,Defender,20,"6'1""",174,79,€16M,72,48,76,67,34,68,60,40,68,70,77,78,75,78,67,62,86,85,77,42,83,76,59,59,60,69,78,82,78,11,8,15,12,15
544,Rúben Dias,Defender,21,"6'1""",181,79,€15M,34,29,81,69,30,54,33,26,58,60,63,64,47,75,56,54,76,77,78,22,94,76,39,34,45,72,79,80,75,7,8,13,7,12
545,F. Chiesa,Striker,20,"5'9""",154,79,€18.5M,72,70,50,76,68,84,74,48,60,81,87,85,86,76,77,81,55,78,64,78,62,30,76,73,62,76,65,34,34,6,7,8,9,7
546,Lucas Paquetá,Midfielder,20,"5'11""",159,79,€20.5M,68,75,56,78,70,84,80,73,76,80,77,81,76,80,68,77,82,84,73,74,80,58,81,74,75,82,59,65,56,14,9,12,11,11
547,Raphinha,Striker,21,"5'9""",150,79,€17.5M,76,72,45,73,69,81,77,72,64,80,88,86,86,79,82,80,70,86,65,74,74,52,78,73,68,81,45,41,27,8,7,13,8,14
548,J. Sancho,Midfielder,18,"5'11""",168,79,€21M,72,73,38,76,74,89,77,48,54,86,88,87,90,78,88,65,49,67,53,49,41,28,71,77,57,73,30,33,36,7,11,10,11,13
549,L. Martínez,Striker,20,"5'9""",174,79,€18M,56,82,79,62,68,78,71,33,50,79,82,83,79,75,70,79,81,75,86,68,74,31,79,72,59,77,46,22,25,11,8,8,8,13
550,T. Alexander-Arnold,Defender,19,"5'11""",152,79,€17M,83,56,59,76,41,75,74,80,76,76,82,79,74,78,74,75,66,79,62,63,73,76,66,72,55,74,76,78,76,14,15,14,6,7
551,F. Kessié,Midfielder,21,"6'0""",168,79,€19.5M,66,64,68,79,60,78,58,48,75,79,71,77,68,76,79,84,79,96,87,76,86,80,76,71,82,76,80,78,74,9,11,12,12,10
552,Luimo Boas Santos,Striker,30,"5'9""",161,79,€12M,42,79,73,74,76,82,79,60,56,78,86,82,83,82,69,75,82,80,67,82,43,20,82,75,74,73,27,20,19,9,12,8,10,9
553,Gabri Prestão,GoalKeeper,26,"6'1""",176,79,€9M,8,9,7,11,8,18,12,13,12,20,58,62,66,76,43,15,60,23,60,12,35,12,5,60,15,64,22,9,16,81,75,71,77,82
554,Melvin Parrela,Midfielder,30,"6'2""",194,79,€9.5M,52,68,83,78,67,72,64,68,72,74,62,78,67,75,69,75,71,87,82,70,84,72,67,72,72,76,82,84,77,15,7,16,9,8
555,Antônio Chiamuloira,Defender,30,"6'0""",174,79,€9.5M,55,51,76,68,44,44,54,50,72,62,67,72,49,79,49,43,88,62,81,51,88,77,24,47,66,70,81,78,81,9,14,13,8,10
556,Maikel Catarino,Midfielder,34,"5'10""",165,79,€3.6M,81,48,69,73,49,78,55,49,75,77,83,76,82,81,75,52,51,85,62,56,62,77,57,61,41,54,79,78,76,15,13,12,10,15
557,A. Lunev,GoalKeeper,26,"6'2""",176,79,€0,16,14,17,25,13,15,18,17,32,17,58,54,36,76,50,24,60,27,70,13,26,20,11,63,15,69,18,20,12,80,73,65,77,85
558,F. Mendy,Defender,23,"5'10""",161,79,€15M,74,63,69,77,50,82,71,35,76,75,90,88,79,80,80,69,78,88,76,64,77,75,80,73,49,78,69,75,76,7,16,9,10,9
559,L. Pellegrini,Midfielder,22,"6'1""",170,79,€18.5M,74,60,71,84,69,77,70,58,80,80,77,74,68,73,69,76,67,76,69,72,71,70,74,79,53,79,70,74,72,12,7,10,13,11
560,Soares,Striker,27,"6'2""",181,79,€13.5M,52,77,82,69,73,75,69,40,54,76,79,86,71,78,65,77,78,78,78,68,90,40,84,59,68,79,50,45,35,8,9,7,7,7
561,M. Dmitrović,GoalKeeper,26,"6'4""",198,79,€10M,30,20,20,40,20,8,20,9,40,9,39,35,32,73,37,40,45,45,79,17,20,17,9,45,9,59,19,22,20,74,79,78,81,79
562,L. Tousart,Midfielder,21,"6'1""",183,79,€14.5M,60,42,76,76,43,66,36,45,73,73,65,61,59,76,68,73,81,85,82,54,85,82,51,67,48,71,77,82,76,11,15,16,10,15
563,B. Pavard,Defender,22,"6'1""",168,79,€14.5M,66,37,73,78,57,66,58,51,79,76,69,73,68,77,66,60,86,77,74,48,72,82,54,66,51,77,82,79,81,9,7,15,7,15
564,G. Martínez,Midfielder,25,"5'8""",165,79,€16M,74,73,32,70,74,85,78,73,68,81,90,87,91,80,87,80,53,76,61,82,48,26,75,72,80,82,47,28,30,6,9,13,12,15
565,T. Kehrer,Defender,21,"6'1""",168,79,€16M,64,37,76,75,32,65,54,38,66,69,74,76,69,76,65,65,81,77,72,40,85,77,53,59,36,78,75,81,85,9,9,14,10,12
566,M. Eggestein,Midfielder,21,"5'11""",165,79,€17M,65,62,65,81,46,78,61,48,77,80,66,69,74,76,67,78,53,96,75,81,69,68,69,74,60,75,72,76,63,15,10,13,15,8
567,Marcos Llorente,Midfielder,23,"6'0""",161,79,€16M,56,39,61,84,44,68,55,51,82,78,65,59,64,74,69,64,66,75,72,56,65,82,65,76,53,76,76,80,72,13,6,6,11,15
568,B. Verbič,Midfielder,24,"5'10""",154,79,€16M,70,74,65,75,68,81,63,65,69,80,85,81,78,79,81,70,72,77,72,71,74,32,80,75,63,76,54,34,33,15,11,13,6,12
569,A. Diallo,Defender,22,"6'1""",174,79,€15M,69,38,81,77,39,75,46,32,78,76,78,77,75,78,69,43,84,76,78,24,76,77,58,69,41,81,75,80,78,12,7,7,7,8
570,M. Campaña,GoalKeeper,29,"6'1""",165,79,€10M,21,16,15,31,12,18,15,13,25,29,40,48,40,71,44,28,60,18,81,17,27,30,18,58,23,51,22,16,18,81,75,74,80,82
571,C. Pavón,Striker,22,"5'9""",172,79,€17.5M,76,72,48,76,57,79,72,77,68,76,93,90,92,77,85,84,61,92,73,84,56,49,78,77,59,68,65,34,30,11,10,9,13,7
572,Dyego Sousa,Striker,28,"6'3""",183,79,€13M,48,83,84,64,78,74,46,34,45,77,58,54,53,77,39,85,74,82,83,75,80,25,81,53,75,68,23,22,27,15,7,12,7,9
573,K. Toko-Ekambi,Striker,25,"6'1""",163,79,€15M,74,80,74,69,72,80,62,63,58,80,84,83,79,76,75,78,71,70,77,72,43,28,80,65,69,78,27,14,18,10,12,12,8,14
574,David Soria,GoalKeeper,25,"6'4""",187,79,€10.5M,15,19,24,24,19,16,23,11,33,19,49,34,45,75,42,54,60,43,76,18,24,18,12,45,23,58,22,13,13,81,75,66,81,78
575,V. Rongier,Midfielder,23,"5'8""",154,79,€16.5M,62,70,40,81,75,77,76,64,81,80,68,58,78,75,90,74,73,73,55,78,51,78,73,77,65,77,76,84,70,11,8,12,7,11
576,F. Cervi,Striker,24,"5'5""",137,79,€17M,76,67,48,73,55,85,78,76,67,80,93,90,91,79,91,68,69,84,33,64,71,59,75,72,56,78,42,50,53,12,8,9,11,10
577,H. Winks,Midfielder,22,"5'9""",163,79,€17.5M,65,54,50,83,50,79,73,60,78,81,75,70,79,79,83,63,51,83,63,62,61,73,64,80,51,82,72,74,67,8,11,14,13,10
578,M. Dúbravka,GoalKeeper,29,"6'3""",176,79,€10M,12,10,12,48,11,19,15,13,45,33,49,44,44,73,60,22,73,40,60,17,26,25,10,54,20,59,19,15,14,77,80,81,78,81
579,Diego Carlos,Defender,25,"6'1""",190,79,€13M,35,26,75,73,34,68,47,71,59,69,79,76,69,74,57,73,80,64,84,57,82,75,52,51,41,72,79,80,75,7,10,14,7,11
580,A. Saint-Maximin,Striker,21,"5'8""",148,79,€18M,66,74,53,74,59,87,70,46,70,81,93,92,93,78,87,80,68,77,66,70,36,15,74,70,47,79,26,16,22,10,9,12,7,7
581,D. Zappacosta,Defender,26,"6'0""",159,79,€12.5M,81,59,69,74,69,76,74,59,68,74,76,81,72,76,73,75,67,86,68,72,75,76,71,64,59,73,76,78,79,11,9,8,6,11
582,L. Alario,Striker,25,"6'0""",172,79,€16M,48,84,81,69,76,75,49,43,48,79,71,73,72,71,71,75,90,71,78,62,72,22,85,65,75,74,22,27,20,8,15,7,15,15
583,D. Zapata,Striker,27,"6'2""",194,79,€14.5M,44,84,80,64,76,75,48,62,38,76,68,75,64,74,58,86,79,66,91,64,60,20,78,46,68,76,52,24,22,9,9,8,6,8
584,J. Correa,Midfielder,23,"6'2""",170,79,€17.5M,74,74,43,78,75,85,79,63,69,83,79,87,82,70,61,76,32,75,74,71,48,36,74,75,57,73,39,37,26,11,10,7,8,8
585,D. Benedetto,Striker,28,"5'10""",176,79,€13M,55,86,75,67,71,71,67,60,65,75,78,83,77,74,73,82,86,77,76,80,66,28,82,69,72,78,45,25,25,10,14,12,8,11
586,I. Marcone,Midfielder,28,"6'0""",183,79,€11.5M,58,48,73,80,49,69,59,60,83,73,54,34,60,79,60,73,35,86,85,66,84,76,56,69,59,76,74,80,71,16,11,12,16,10
587,J. Gbamin,Defender,22,"6'1""",183,79,€14.5M,69,40,71,78,45,75,62,60,74,77,76,85,68,76,66,82,77,83,83,71,85,79,65,72,40,72,79,80,71,11,13,8,14,10
588,J. Lerma,Midfielder,23,"5'10""",154,79,€14M,66,56,65,77,56,69,66,65,76,77,74,76,75,72,76,82,84,90,76,75,83,80,58,68,58,63,78,81,81,16,14,11,7,9
589,Thiago Mendes,Midfielder,26,"5'10""",176,79,€13.5M,67,63,59,82,60,78,67,77,81,81,74,82,78,78,74,81,68,84,66,79,80,76,70,80,60,79,73,77,76,14,9,12,13,8
590,Ricardo Horta,Midfielder,23,"5'8""",139,79,€17M,77,74,51,76,82,80,78,70,69,81,78,75,85,81,85,78,62,80,45,71,64,55,81,76,71,69,32,44,35,7,9,10,8,13
591,R. Zobnin,Midfielder,24,"6'0""",165,79,€15M,69,65,70,81,55,82,65,65,79,82,74,78,70,79,65,65,63,90,63,67,70,75,64,72,57,77,81,79,76,10,8,13,15,9
592,L. Dendoncker,Midfielder,23,"6'2""",194,79,€14.5M,75,66,78,79,71,69,72,71,78,74,61,68,59,73,58,86,67,89,87,76,74,78,71,76,44,75,76,78,76,14,8,14,14,6
593,Jonny,Defender,24,"5'7""",154,79,€13.5M,78,43,70,74,44,74,62,54,59,77,77,78,72,72,78,68,75,83,64,45,82,80,65,66,46,73,77,80,82,7,10,12,10,6
594,Otávio,Midfielder,23,"5'8""",157,79,€17.5M,78,67,56,77,63,84,74,72,74,83,76,74,86,80,82,67,57,68,54,68,73,46,76,79,72,80,52,41,27,11,12,9,10,15
595,J. Hofmann,Midfielder,25,"5'9""",154,79,€15M,81,69,40,79,62,80,69,71,72,79,78,76,78,79,77,68,61,82,60,68,43,57,78,77,68,71,49,44,40,6,6,10,10,10
596,Y. Bounou,GoalKeeper,27,"6'4""",172,79,€10.5M,15,14,14,39,13,20,12,19,44,12,37,34,38,78,29,25,48,43,69,19,25,12,10,60,24,57,20,18,15,76,79,77,77,78
597,Óliver Torres,Midfielder,23,"5'9""",139,79,€16.5M,73,66,52,82,63,84,77,64,78,83,72,65,78,78,78,65,62,78,38,69,58,67,76,80,64,82,66,66,62,7,7,14,6,8
598,M. Dabbur,Striker,26,"6'0""",168,79+1,€15.5M,50,82,75,73,73,76,74,66,63,77,74,76,77,78,71,76,89,81,78,66,39,19,82,64,74,69,22,37,27,13,12,10,15,11
599,J. Hector,Midfielder,28,"6'1""",165,79,€10M,79,55,71,78,51,74,65,65,74,77,75,77,67,80,67,69,66,82,76,61,71,81,62,72,65,78,76,79,79,9,10,10,12,14
600,A. Januzaj,Midfielder,23,"6'1""",168,79+1,€17.5M,82,71,42,79,67,85,80,65,74,82,84,76,85,76,71,74,61,68,59,71,41,36,76,80,60,74,30,22,22,15,10,11,12,7
